Date,Close,High,Low,Open,Volume,NewsCount,SentimentMean,SentimentSum,SentimentSTD,NegativeRatio,NeutralRatio,PositiveRatio,Return,Volatility_3d,Volatility_7d,MA_3,MA_7,Momentum_3,Momentum_7,Target
2024-10-10,161.36834716796875,162.35400578293851,159.69571574787986,160.1636533052279,14144100,4.0,0.5,2.0,0.5773502691896257,0.0,0.5,0.5,0.0,0.0,0.0,0.0,0.0,0.0,0.0,1
2024-10-11,162.5232696533203,163.18036025385564,160.53205102817606,161.41814270869355,15344300,6.0,0.8333333333333334,5.0,0.408248290463863,0.0,0.16666666666666666,0.8333333333333334,0.007157057165302794,0.0,0.0,0.0,0.0,0.0,0.0,0
2024-10-11,162.5232696533203,163.18036025385564,160.53205102817606,161.41814270869355,15344300,5.0,0.8,4.0,0.4472135954999579,0.0,0.2,0.8,0.0,0.0,0.0,162.13829549153647,0.0,0.0,0.0,0
2024-10-11,162.5232696533203,163.18036025385564,160.53205102817606,161.41814270869355,15344300,3.0,0.6666666666666666,2.0,0.5773502691896258,0.0,0.3333333333333333,0.6666666666666666,0.0,0.004132128880993108,0.0,162.5232696533203,0.0,1.1549224853515625,0.0,1
2024-10-14,164.2357177734375,165.50013065374594,162.6825544952434,162.9215061976869,19016100,7.0,0.2857142857142857,2.0,0.7559289460184544,0.14285714285714285,0.42857142857142855,0.42857142857142855,0.010536633454212518,0.006083328161142014,0.0,163.09408569335938,0.0,1.7124481201171875,0.0,1
2024-10-15,164.73353576660156,166.94377462807307,163.90717815283185,165.06207349535208,20247200,9.0,0.8888888888888888,8.0,0.3333333333333333,0.0,0.1111111111111111,0.8888888888888888,0.0030311189302365538,0.0054243444271678725,0.0,163.83084106445312,0.0,2.21026611328125,0.0,0
2024-10-16,164.43484497070312,165.07203435121127,163.02108150744417,163.80760621471472,16406000,7.0,0.5714285714285714,4.0,0.7867957924694432,0.14285714285714285,0.14285714285714285,0.7142857142857143,-0.001813175407839429,0.006222509071009137,0.0,164.46803283691406,163.1917506626674,1.9115753173828125,0.0,0
2024-10-17,162.21463012695312,165.63952884881675,162.04537835418347,165.0023394488277,21453400,13.0,0.7692307692307693,10.0,0.5991446895152781,0.07692307692307693,0.07692307692307693,0.8461538461538461,-0.013502094669445297,0.008499462464091093,0.007668610412781979,163.7943369547526,163.3126482282366,-2.021087646484375,0.846282958984375,1
2024-10-18,162.70248413085938,163.98682874694387,162.36398058545478,162.47349822564962,19757700,15.0,0.7333333333333333,11.0,0.4577377082170635,0.0,0.26666666666666666,0.7333333333333333,0.003007459953053848,0.008489549974530632,0.007241322717512704,163.11731974283853,163.33825029645647,-2.0310516357421875,0.1792144775390625,0
2024-10-18,162.70248413085938,163.98682874694387,162.36398058545478,162.47349822564962,19757700,8.0,0.375,3.0,0.5175491695067657,0.0,0.625,0.375,0.0,0.00879314856071825,0.007241322717512704,162.53986612955728,163.36385236467635,-1.73236083984375,0.1792144775390625,0
2024-10-18,162.70248413085938,163.98682874694387,162.36398058545478,162.47349822564962,19757700,3.0,0.3333333333333333,1.0,0.5773502691896258,0.0,0.6666666666666666,0.3333333333333333,0.0,0.0017363578134726584,0.007241322717512704,162.70248413085938,163.3894544328962,0.48785400390625,0.1792144775390625,1
2024-10-21,163.34963989257812,163.77774463817315,161.90599412379152,162.234547045473,20946500,4.0,0.5,2.0,1.0,0.25,0.0,0.75,0.003977540755912834,0.002296434226138982,0.0059949412362866,162.91820271809897,163.26287187848772,0.64715576171875,-0.886077880859375,1
2024-10-22,164.41493225097656,165.0421710211609,162.26441234616763,162.26441234616763,16568100,5.0,0.6,3.0,0.5477225575051662,0.0,0.4,0.6,0.006521547026972385,0.003286927998327879,0.006487462693464609,163.48901875813803,163.2173570905413,1.7124481201171875,-0.318603515625,0
2024-10-23,162.0653076171875,165.09196890043052,161.21903349459384,164.03661010564252,18280500,6.0,0.8333333333333334,5.0,0.408248290463863,0.0,0.16666666666666666,0.8333333333333334,-0.014290822625541044,0.011353118507682497,0.008414008157429206,163.27662658691406,162.87885175432478,-0.637176513671875,-2.369537353515625,0
2024-10-24,162.0055389404297,162.61286119271972,160.30304043260298,162.11505656598337,22412500,4.0,1.0,4.0,0.0,0.0,0.0,1.0,-0.0003687937760189497,0.010602314324564193,0.006727677947981871,162.8285929361979,162.84898158482142,-1.3441009521484375,-0.2090911865234375,1
2024-10-25,164.54437255859375,164.86295967221815,162.70248906090407,162.9513914150895,19828900,16.0,0.25,4.0,0.447213595499958,0.0,0.75,0.25,0.015671276641335163,0.014993521594112725,0.009031202847589128,162.87173970540366,163.1121085030692,0.1294403076171875,1.841888427734375,0
2024-10-25,164.54437255859375,164.86295967221815,162.70248906090407,162.9513914150895,19828900,2.0,1.0,2.0,0.0,0.0,0.0,1.0,0.0,0.009156134368208795,0.009031202847589128,163.6980946858724,163.37523542131697,2.47906494140625,1.841888427734375,1
2024-10-28,165.9879913330078,168.00907708946656,163.23014919167423,168.00907708946656,32138600,6.0,1.0,6.0,0.0,0.0,0.0,1.0,0.008773431457827607,0.007854322369350674,0.009367485972108914,165.02557881673178,163.84459359305245,3.982452392578125,3.2855072021484375,1
2024-10-29,168.93499755859375,169.63193629969666,166.35637283025375,166.99356224559247,42169000,7.0,0.7142857142857143,5.0,0.4879500364742666,0.0,0.2857142857142857,0.7142857142857143,0.017754333924516308,0.008877368996166644,0.01094636078060397,166.48912048339844,164.6425018310547,4.390625,5.585357666015625,1
2024-10-30,173.69400024414062,181.220803908328,173.29574742034202,179.88667593834245,68890800,11.0,0.36363636363636365,4.0,0.8090398349558905,0.18181818181818182,0.2727272727272727,0.5454545454545454,0.02817061446309399,0.009707438882238047,0.014097002466729505,169.53899637858072,165.96808297293526,9.149627685546875,9.279067993164062,0
2024-10-31,170.35870361328125,176.0436392565969,170.24918598538505,172.36983860201502,44769000,14.0,0.6428571428571429,9.0,0.4972451580988469,0.0,0.35714285714285715,0.6428571428571429,-0.019202140696692793,0.02489463746845737,0.015446551995551507,170.99590047200522,167.1528538295201,4.3707122802734375,8.29339599609375,1
2024-11-01,170.5379180908203,171.5634096930417,168.13851111414587,169.32328866587017,31796500,8.0,0.5,4.0,0.5345224838248488,0.0,0.5,0.5,0.0010519831023478865,0.02376912433240517,0.015338606280223535,171.53020731608072,168.37176513671875,1.6029205322265625,8.532379150390625,0
2024-11-01,170.5379180908203,171.5634096930417,168.13851111414587,169.32328866587017,31796500,1.0,-1.0,-1.0,0.0,1.0,0.0,0.0,0.0,0.011402181126507302,0.01508187221855316,170.47817993164062,169.22798592703683,-3.1560821533203125,5.9935455322265625,0
2024-11-01,170.5379180908203,171.5634096930417,168.13851111414587,169.32328866587017,31796500,2.0,-0.5,-1.0,0.7071067811865476,0.5,0.5,0.0,0.0,0.0006073627273233692,0.01508187221855316,170.5379180908203,170.0842067173549,0.1792144775390625,5.9935455322265625,0
2024-11-04,168.49693298339844,169.98038120201446,167.27232253666486,169.18389067835992,21492700,6.0,0.6666666666666666,4.0,0.816496580927726,0.16666666666666666,0.0,0.8333333333333334,-0.011967925551518377,0.006909685038810522,0.016259182813529966,169.8575897216797,170.442626953125,-2.040985107421875,2.508941650390625,1
2024-11-05,168.99473571777344,169.78126041606683,168.09867819204692,168.6860840596654,18242100,11.0,0.7272727272727273,8.0,0.6466697906828632,0.09090909090909091,0.09090909090909091,0.8181818181818182,0.0029543726735017373,0.007901840969219955,0.01480555705577681,169.34319559733072,170.45116097586495,-1.543182373046875,0.0597381591796875,1
2024-11-06,175.73500061035156,176.16312052987965,172.7382219408271,173.03690778369432,33695500,12.0,0.5833333333333334,7.0,0.5149286505444373,0.0,0.4166666666666667,0.5833333333333334,0.03988446660157852,0.026693249439547928,0.018661199972858655,171.07555643717447,170.74273245675224,5.19708251953125,2.0410003662109375,1
2024-11-07,179.95639038085938,180.28494329004707,176.41202351829116,176.63105879108298,25352900,9.0,0.5555555555555556,5.0,0.881917103688197,0.2222222222222222,0.0,0.7777777777777778,0.024021337558518985,0.018526052421926807,0.017671791873550134,174.89537556966147,172.11383056640625,11.459457397460938,9.597686767578125,0
2024-11-08,177.5669403076172,180.1057320918823,177.29812151933496,179.85682974504894,22006200,8.0,0.75,6.0,0.7071067811865476,0.125,0.0,0.875,-0.013277939550716433,0.027291990167476667,0.019359173455377042,177.75277709960938,173.11797659737724,8.57220458984375,7.029022216796875,0
2024-11-08,177.5669403076172,180.1057320918823,177.29812151933496,179.85682974504894,22006200,1.0,1.0,1.0,0.0,0.0,0.0,1.0,0.0,0.018905750490632586,0.019359173455377042,178.3634236653646,174.12212262834822,1.831939697265625,7.029022216796875,0
2024-11-08,177.5669403076172,180.1057320918823,177.29812151933496,179.85682974504894,22006200,1.0,0.0,0.0,0.0,0.0,1.0,0.0,0.0,0.00766602197388968,0.019359173455377042,177.5669403076172,175.1262686593192,-2.3894500732421875,7.029022216796875,1
2024-11-11,179.5581512451172,179.7572700755342,177.68640081725275,177.79591845275107,17450400,6.0,1.0,6.0,0.0,0.0,0.0,1.0,0.011213860722330438,0.006474325506692418,0.017695514433641958,178.23067728678384,176.7064426967076,1.9912109375,11.06121826171875,1
2024-11-12,180.82257080078125,181.68876129211964,178.60236613626623,179.03048606955645,25134900,15.0,0.8,12.0,0.4140393356054125,0.0,0.2,0.8,0.007041838796491007,0.005667802820689186,0.01751945506659704,179.31588745117188,178.39613342285156,3.2556304931640625,11.827835083007812,0
2024-11-13,178.0946044921875,180.16547375277025,177.75608576913012,179.66766908027805,23184000,4.0,0.25,1.0,0.9574271077563381,0.25,0.25,0.5,-0.015086425862174346,0.014134891452128328,0.01371504631127721,179.4917755126953,178.73321969168526,0.5276641845703125,2.3596038818359375,0
2024-11-14,174.80909729003906,178.03487716000262,173.55463493650558,177.49723958577857,31007500,20.0,0.85,17.0,0.4893604849295929,0.05,0.05,0.9,-0.0184481007244246,0.013848573762084405,0.011569183874853508,177.90875752766928,177.99789210728235,-4.749053955078125,-5.1472930908203125,0
2024-11-15,171.73265075683594,173.37539999767293,170.46822271325942,172.9671965454628,32504600,7.0,0.8571428571428571,6.0,0.37796447300922725,0.0,0.14285714285714285,0.8571428571428571,-0.017598892625701024,0.0017480704368076842,0.01223772321679457,174.8787841796875,177.16442217145647,-9.089920043945312,-5.83428955078125,0
2024-11-15,171.73265075683594,173.37539999767293,170.46822271325942,172.9671965454628,32504600,7.0,0.7142857142857143,5.0,0.4879500364742666,0.0,0.2857142857142857,0.7142857142857143,0.0,0.010414529885248491,0.01223772321679457,172.7581329345703,176.33095223563058,-6.3619537353515625,-5.83428955078125,0
2024-11-15,171.73265075683594,173.37539999767293,170.46822271325942,172.9671965454628,32504600,1.0,1.0,1.0,0.0,0.0,0.0,1.0,0.0,0.01016072539488778,0.01223772321679457,171.73265075683594,175.4974822998047,-3.076446533203125,-5.83428955078125,1
2024-11-18,174.5303192138672,174.6697039128958,172.1408476982141,172.6585688053745,20135300,0.0,0.0,0.0,0.0,0.0,0.0,0.0,0.016290836044874135,0.009405518575832113,0.013430195414092221,172.6652069091797,174.7792205810547,2.79766845703125,-5.02783203125,1
2024-11-19,177.3379364013672,178.08464343003916,172.7979600977284,172.95726124320882,23434900,8.0,1.0,8.0,0.0,0.0,0.0,1.0,0.016086701726933716,0.00934714735727841,0.015008732301743532,174.53363545735678,174.28141566685267,5.60528564453125,-3.4846343994140625,0
2024-11-20,175.2073211669922,176.89985394642653,173.01698373526585,176.56135042889815,18997100,6.0,0.5,3.0,0.5477225575051662,0.0,0.5,0.5,-0.012014435701748538,0.01628344765017327,0.014625507305249126,175.69185892740884,173.8689466203962,3.47467041015625,-2.8872833251953125,0
2024-11-21,166.89401245117188,173.3654737011491,162.98125951876034,173.13647259575043,59734400,21.0,0.38095238095238093,8.0,0.4976133515281193,0.0,0.6190476190476191,0.38095238095238093,-0.047448409463990315,0.03183800343251233,0.02215232449474808,173.14642333984375,172.73822021484375,-7.6363067626953125,-7.9150848388671875,0
2024-11-22,164.03659057617188,165.7291386198519,163.18036592990532,165.12181631038618,38604600,3.0,0.3333333333333333,1.0,0.5773502691896258,0.0,0.6666666666666666,0.3333333333333333,-0.017121176685928163,0.01915457451035958,0.022112714703136086,168.71264139811197,171.63878304617745,-13.301345825195312,-7.6960601806640625,0
2024-11-22,164.03659057617188,165.7291386198519,163.18036592990532,165.12181631038618,38604600,1.0,1.0,1.0,0.0,0.0,0.0,1.0,0.0,0.024028550031674194,0.022112714703136086,164.98906453450522,170.53934587751115,-11.170730590820312,-7.6960601806640625,1
2024-11-25,166.91387939453125,167.88958736669073,164.8828432733044,165.36073144445345,33135300,8.0,0.875,7.0,0.3535533905932738,0.0,0.125,0.875,0.017540530489283057,0.017331276377579752,0.023871512204729252,164.99568684895834,169.85094996861048,0.019866943359375,-4.8187713623046875,1
2024-11-26,168.37745666503906,169.07439539763973,166.844224875264,166.89400838356315,20486700,21.0,0.42857142857142855,9.0,0.6761234037828132,0.09523809523809523,0.38095238095238093,0.5238095238095238,0.00876845757714606,0.00877026530673885,0.022968070271656295,166.44264221191406,168.9719696044922,4.3408660888671875,-6.152862548828125,1
2024-11-27,168.48696899414062,168.73587133599466,167.28229016697128,168.25798309333703,19266500,6.0,0.3333333333333333,2.0,1.0327955589886446,0.3333333333333333,0.0,0.6666666666666666,0.0006503978101974894,0.008447176446133813,0.021299496669355933,167.9261016845703,167.7075456891741,4.45037841796875,-8.850967407226562,0
2024-11-27,168.48696899414062,168.73587133599466,167.28229016697128,168.25798309333703,19266500,19.0,0.5789473684210527,11.0,0.5072572735017881,0.0,0.42105263157894735,0.5789473684210527,0.0,0.004885552851238454,0.02132053008246701,168.4504648844401,166.74749537876673,1.573089599609375,-6.7203521728515625,0
2024-11-29,168.20819091796875,168.68607913599834,166.4260569265254,167.76016976407897,14257200,17.0,0.35294117647058826,6.0,0.49259218307188896,0.0,0.6470588235294118,0.35294117647058826,-0.0016545972536402553,0.0011883960919082046,0.010577366566237673,168.39404296875,166.93523515973772,-0.1692657470703125,1.314178466796875,0
2024-11-29,168.20819091796875,168.68607913599834,166.4260569265254,167.76016976407897,14257200,5.0,0.8,4.0,0.4472135954999579,0.0,0.2,0.8,0.0,0.0009552821697892881,0.007026624613572392,168.30111694335938,167.5311780657087,-0.278778076171875,4.171600341796875,0
2024-11-29,168.20819091796875,168.68607913599834,166.4260569265254,167.76016976407897,14257200,3.0,1.0,3.0,0.0,0.0,0.0,1.0,0.0,0.0009552821697892881,0.007026624613572392,168.20819091796875,168.1271209716797,-0.278778076171875,4.171600341796875,1
2024-12-02,170.73704528808594,171.32445113236562,167.82986793872016,168.02898676148365,23789100,1.0,1.0,1.0,0.0,0.0,0.0,1.0,0.015034073883776866,0.008679926603815261,0.006215812408456447,169.05114237467447,168.67328752790178,2.5288543701171875,3.8231658935546875,0
2024-12-03,170.5876922607422,171.9218050645491,170.09985343093683,170.73704276945597,22248700,6.0,0.8333333333333334,5.0,0.408248290463863,0.0,0.16666666666666666,0.8333333333333334,-0.0008747546678680163,0.008943148207402937,0.005848458898265928,169.84430948893228,168.9890354701451,2.3795013427734375,2.210235595703125,1
2024-12-04,173.60438537597656,174.14202289483944,170.30892108827348,170.39852227748662,31615100,6.0,1.0,6.0,0.0,0.0,0.0,1.0,0.01768411938314629,0.010037806641856311,0.008287130389844542,171.6430409749349,169.72009495326452,5.3961944580078125,5.1174163818359375,0
2024-12-05,171.88198852539062,175.2869705000764,171.57335207382965,174.5900470301335,21356200,12.0,0.08333333333333333,1.0,0.9962049198956219,0.4166666666666667,0.08333333333333333,0.5,-0.009921390216357295,0.014073246374101006,0.009848916688572396,172.02468872070312,170.20509774344308,1.1449432373046875,3.39501953125,1
2024-12-06,173.94290161132812,174.31127217851045,171.10540912546608,171.27466087773342,21462400,8.0,0.375,3.0,0.9161253813129042,0.25,0.125,0.625,0.011990279514558111,0.014575122887384285,0.010144170369784,173.1430918375651,171.0243421282087,3.3552093505859375,5.734710693359375,0
2024-12-06,173.94290161132812,174.31127217851045,171.10540912546608,171.27466087773342,21462400,7.0,0.7142857142857143,5.0,0.4879500364742666,0.0,0.2857142857142857,0.7142857142857143,0.0,0.0109721014172246,0.010144170369784,173.25593058268228,171.84358651297433,0.3385162353515625,5.734710693359375,0
2024-12-06,173.94290161132812,174.31127217851045,171.10540912546608,171.27466087773342,21462400,3.0,0.0,0.0,1.0,0.3333333333333333,0.3333333333333333,0.3333333333333333,0.0,0.0069225911053889325,0.010144170369784,173.94290161132812,172.66283089773995,2.0609130859375,5.734710693359375,1
2024-12-09,174.80010986328125,175.68721709610546,173.08569798716198,173.3947033817355,25389600,4.0,1.0,4.0,0.0,0.0,0.0,1.0,0.00492810137126809,0.0028452406532952787,0.009119731552042092,174.2286376953125,173.24326869419642,0.857208251953125,4.0630645751953125,1
2024-12-10,184.5682830810547,185.75441857624557,180.46167600322863,182.2558298947272,54813000,9.0,-0.4444444444444444,-4.0,0.8819171036881968,0.6666666666666666,0.1111111111111111,0.2222222222222222,0.05588196269106205,0.030939122807882836,0.02150506746845132,177.7704315185547,175.24049595424108,10.625381469726562,13.9805908203125,1
2024-12-11,194.7650146484375,194.97433891650417,184.24931049684508,184.7078071462048,67894100,7.0,0.8571428571428571,6.0,0.37796447300922725,0.0,0.14285714285714285,0.8571428571428571,0.055246391184691435,0.02923647899538111,0.027227661974258653,184.7111358642578,178.26344299316406,20.822113037109375,21.160629272460938,0
2024-12-12,191.3362274169922,194.54574994637332,191.08703979883612,194.36634216171947,34817500,10.0,0.6,6.0,0.8432740427115679,0.2,0.0,0.8,-0.01760473890875358,0.042245288532277186,0.028607827238138497,190.22317504882812,181.04261997767858,16.536117553710938,19.454238891601562,0
2024-12-13,189.2031707763672,192.1037029204328,189.0237477931648,190.3892909926089,25143500,11.0,0.5454545454545454,6.0,0.6875516509523286,0.09090909090909091,0.2727272727272727,0.6363636363636364,-0.011148211028412791,0.040326205522790454,0.030399040469939496,191.76813761393228,183.22265842982702,4.6348876953125,15.260269165039062,0
2024-12-13,189.2031707763672,192.1037029204328,189.0237477931648,190.3892909926089,25143500,2.0,1.0,2.0,0.0,0.0,0.0,1.0,0.0,0.008905954875335027,0.030399040469939496,189.91418965657553,185.40269688197546,-5.5618438720703125,15.260269165039062,0
2024-12-13,189.2031707763672,192.1037029204328,189.0237477931648,190.3892909926089,25143500,2.0,1.0,2.0,0.0,0.0,0.0,1.0,0.0,0.0064364226382368495,0.030399040469939496,189.2031707763672,187.5827353341239,-2.133056640625,15.260269165039062,1
2024-12-16,196.02093505859372,198.3533273175459,191.9940549717768,192.2432425689094,44934900,8.0,0.75,6.0,0.7071067811865476,0.125,0.0,0.875,0.03603409104747479,0.020804292166263047,0.03137050102848594,191.47575887044272,190.6142817905971,6.817764282226534,21.22082519531247,0
2024-12-17,194.7849578857422,200.7654601795969,194.3463852840536,196.60901291047236,43504000,8.0,0.75,6.0,0.7071067811865476,0.125,0.0,0.875,-0.0063053325017661255,0.0228430869267471,0.026996987071848777,193.33635457356772,192.0738067626953,5.581787109375,10.2166748046875,0
2024-12-18,187.78778076171875,196.3598408096813,187.1299370164791,194.5856262059038,34166100,3.0,1.0,3.0,0.0,0.0,0.0,1.0,-0.03592257430950019,0.03616529065295316,0.021940775054395147,192.86455790201822,191.07705906459265,-1.4153900146484375,-6.97723388671875,1
2024-12-19,187.89739990234372,192.40271566857007,187.76783270124025,191.00727128528027,32265200,7.0,0.7142857142857143,5.0,0.4879500364742666,0.0,0.2857142857142857,0.7142857142857143,0.000583739475381817,0.019396525767794857,0.021264789417491305,190.1567128499349,190.58579799107142,-8.12353515625,-3.438827514648466,1
2024-12-20,190.7879943847656,192.263180692445,184.61810708296372,185.1762848637503,63462900,8.0,0.25,2.0,0.46291004988627577,0.0,0.75,0.25,0.015383898254708095,0.026407416171205234,0.02180215034684766,188.82439168294266,190.81220136369978,-3.996963500976591,1.584823608398409,0
2024-12-20,190.7879943847656,192.263180692445,184.61810708296372,185.1762848637503,63462900,10.0,0.4,4.0,0.5163977794943222,0.0,0.6,0.4,0.0,0.008718273693604686,0.02180215034684766,189.82446289062497,191.03860473632812,3.0002136230468466,1.584823608398409,0
2024-12-20,190.7879943847656,192.263180692445,184.61810708296372,185.1762848637503,63462900,5.0,0.4,2.0,0.5477225575051661,0.0,0.6,0.4,0.0,0.008881897798541519,0.02180215034684766,190.7879943847656,191.26500810895644,2.890594482421875,1.584823608398409,1
2024-12-23,193.99752807617188,194.46600196365952,189.53207549795792,191.99405011204703,25675000,9.0,0.6666666666666666,6.0,0.5,0.0,0.3333333333333333,0.6666666666666666,0.016822513920522475,0.009712482940459864,0.017499838830299208,191.85783894856766,190.97594996861045,3.2095336914062784,-2.0234069824218466,1
2024-12-24,195.47271728515625,195.47271728515625,193.1502870787509,194.20684004621347,10403300,3.0,0.0,0.0,0.0,0.0,1.0,0.0,0.007604164978870953,0.008424154327904436,0.01763235700839534,193.4194132486979,191.0742013113839,4.684722900390653,0.6877593994140625,0
2024-12-24,195.47271728515625,195.47271728515625,193.1502870787509,194.20684004621347,10403300,7.0,0.8571428571428571,6.0,0.37796447300922725,0.0,0.14285714285714285,0.8571428571428571,0.0,0.008424154327904436,0.007579855543393227,194.98098754882812,192.1720493861607,4.684722900390653,7.6849365234375,0
2024-12-26,194.96437072753903,196.11062752392144,193.74833410760493,194.5158209114561,12046600,6.0,0.8333333333333334,5.0,0.408248290463863,0.0,0.16666666666666666,0.8333333333333334,-0.002600601069435382,0.005302887594649107,0.008025483129260541,195.3032684326172,193.18161664690288,0.9668426513671591,7.0669708251953125,0
2024-12-27,192.1335906982422,194.68528435280825,190.0304468655215,194.31647638353087,18891400,10.0,0.6,6.0,0.5163977794943222,0.0,0.4,0.6,-0.014519473577317532,0.0077420686376867675,0.009580987253923057,194.19022623697916,193.37384469168524,-3.3391265869140625,1.345596313476591,0
2024-12-27,192.1335906982422,194.68528435280825,190.0304468655215,194.31647638353087,18891400,9.0,0.6666666666666666,6.0,0.7071067811865476,0.1111111111111111,0.1111111111111111,0.7777777777777778,0.0,0.0077420686376867675,0.009580987253923057,193.07718404134116,193.56607273646765,-3.3391265869140625,1.345596313476591,0
2024-12-27,192.1335906982422,194.68528435280825,190.0304468655215,194.31647638353087,18891400,2.0,1.0,2.0,0.0,0.0,0.0,1.0,0.0,0.008382821978355924,0.009580987253923057,192.1335906982422,193.75830078125,-2.8307800292968466,1.345596313476591,0
2024-12-30,190.6185607910156,191.92430144195808,188.50543950298515,189.1832377151322,14264700,6.0,0.8333333333333334,5.0,0.408248290463863,0.0,0.16666666666666666,0.8333333333333334,-0.007885294298205503,0.004552576785708348,0.007003832473130458,191.62858072916666,193.27559116908483,-1.515029907226591,-3.3789672851562784,0
2024-12-31,188.68484497070312,191.3362045613809,187.897403674237,190.45905938330324,17466900,17.0,0.7647058823529411,13.0,0.562295714538387,0.058823529411764705,0.11764705882352941,0.8235294117647058,-0.010144425664993295,0.005325894490979744,0.005861801849514526,190.47899881998697,192.30589512416296,-3.4487457275390625,-6.787872314453125,0
2024-12-31,188.68484497070312,191.3362045613809,187.897403674237,190.45905938330324,17466900,3.0,0.3333333333333333,1.0,1.1547005383792517,0.3333333333333333,0.0,0.6666666666666666,0.0,0.005325894490979744,0.005861801849514526,189.32941691080728,191.33619907924108,-3.4487457275390625,-6.787872314453125,1
2025-01-02,188.81442260742188,191.37607845803336,186.89070161917323,190.03045932269364,20370800,3.0,1.0,3.0,0.0,0.0,0.0,1.0,0.0006867410932704932,0.006064859970176261,0.00620944341455871,188.72803751627603,190.45763506208147,-1.8041381835937216,-6.149948120117159,1
2025-01-03,191.166748046875,192.58214696582635,189.3626322985996,190.74811471378376,18596200,4.0,0.75,3.0,0.5,0.0,0.25,0.75,0.012458399135875542,0.007003038095831427,0.007272804537028754,189.55533854166666,190.31951468331474,2.481903076171875,-0.9668426513671875,0
2025-01-03,191.166748046875,192.58214696582635,189.3626322985996,190.74811471378376,18596200,3.0,0.6666666666666666,2.0,0.5773502691896258,0.0,0.3333333333333333,0.6666666666666666,0.0,0.007003038095831427,0.007272804537028754,190.38263956705728,190.18139430454798,2.481903076171875,-0.9668426513671875,1
2025-01-06,196.23025512695312,197.57587431060844,193.22007973541784,193.34964695093385,29563600,3.0,0.6666666666666666,2.0,0.5773502691896258,0.0,0.3333333333333333,0.6666666666666666,0.026487384086465227,0.01325145050875932,0.012620640103868703,192.85458374023438,190.76663208007812,7.41583251953125,4.0966644287109375,0
2025-01-07,194.8547515869141,200.34684110917007,193.96764429186356,196.4694824542812,26487200,11.0,0.8181818181818182,9.0,0.6030226891555273,0.09090909090909091,0.0,0.9090909090909091,-0.007009640481530965,0.017667141017216056,0.012497508139553045,194.08391825358072,191.3718021937779,3.688003540039091,4.236190795898494,0
2025-01-08,193.3197479248047,195.6521403419425,191.7548576174653,191.944242637603,24864800,6.0,0.16666666666666666,1.0,0.408248290463863,0.0,0.8333333333333334,0.16666666666666666,-0.007877681450455754,0.019594905287640223,0.012117361903201803,194.80158487955728,192.033931187221,2.1529998779296875,4.6349029541015625,0
2025-01-08,193.3197479248047,195.6521403419425,191.7548576174653,191.944242637603,24864800,14.0,0.6428571428571429,9.0,0.6333236937766509,0.07142857142857142,0.21428571428571427,0.7142857142857143,0.0,0.004319460225516274,0.012117361903201803,193.83141581217447,192.69606018066406,-2.9105072021484375,4.6349029541015625,0
2025-01-10,191.4159240722656,195.8813764404304,189.69155028344463,193.6685895212531,26665200,4.0,1.0,4.0,0.0,0.0,0.0,1.0,-0.009848056771104563,0.005210957463300666,0.013141045298879753,192.68513997395834,193.0677032470703,-3.4388275146484943,2.6015014648437216,0
2025-01-10,191.4159240722656,195.8813764404304,189.69155028344463,193.6685895212531,26665200,1.0,1.0,1.0,0.0,0.0,0.0,1.0,0.0,0.005685778227791912,0.012310701031756932,192.05053202311197,193.1032998221261,-1.903823852539091,0.24917602539059658,0
2025-01-10,191.4159240722656,195.8813764404304,189.69155028344463,193.6685895212531,26665200,2.0,1.0,2.0,0.0,0.0,0.0,1.0,0.0,0.005685778227791912,0.012310701031756932,191.4159240722656,193.13889639718192,-1.903823852539091,0.24917602539059658,0
2025-01-13,190.3892822265625,190.5587279639381,186.75114946876,189.45234965681547,21823700,4.0,0.75,3.0,0.5,0.0,0.25,0.75,-0.005363408769040068,0.0030965654965792347,0.004233275485868412,191.07371012369788,192.3044716971261,-1.0266418457030966,-5.840972900390625,0
2025-01-14,189.04368591308597,191.3561389494114,187.69806677944703,190.61855338184407,17174900,11.0,0.36363636363636365,4.0,0.504524979109513,0.0,0.6363636363636364,0.36363636363636365,-0.007067605370113639,0.0036883032536787633,0.0042395116871414545,190.28296407063803,191.4743194580078,-2.3722381591796307,-5.811065673828125,1
2025-01-15,194.9145355224609,195.72190087885951,191.23652426846428,192.462522950062,21776000,7.0,0.5714285714285714,4.0,0.5345224838248488,0.0,0.42857142857142855,0.5714285714285714,0.031055518098997092,0.0215353007227498,0.013718253703014906,191.44916788736978,191.70214625767298,3.4986114501953125,1.5947875976562216,0
2025-01-16,192.2831115722656,194.8447520350506,192.1834304546711,193.50911023082176,17815400,4.0,1.0,4.0,0.0,0.0,0.0,1.0,-0.013500398742155806,0.024083130676762734,0.01482801083703051,192.0804443359375,191.5540553501674,1.8938293457030966,-1.036636352539091,1
2025-01-17,195.3630828857422,196.58908164731528,193.1203944342477,195.89135939313564,27735100,7.0,0.7142857142857143,5.0,0.7559289460184545,0.14285714285714285,0.0,0.8571428571428571,0.016017898235014982,0.022666750955095034,0.015373902846086194,194.1869099934896,192.11793518066406,6.319396972656222,3.947158813476591,0
2025-01-17,195.3630828857422,196.58908164731528,193.1203944342477,195.89135939313564,27735100,7.0,0.5714285714285714,4.0,0.7867957924694432,0.14285714285714285,0.14285714285714285,0.7142857142857143,0.0,0.014777029959235983,0.015373902846086194,194.33642578125,192.68181501116072,0.4485473632812784,3.947158813476591,0
2025-01-17,195.3630828857422,196.58908164731528,193.1203944342477,195.89135939313564,27735100,2.0,0.5,1.0,0.7071067811865476,0.0,0.5,0.5,0.0,0.009247937857837915,0.015373902846086194,195.3630828857422,193.24569484165735,3.079971313476591,3.947158813476591,0
2025-01-17,195.3630828857422,196.58908164731528,193.1203944342477,195.89135939313564,27735100,2.0,1.0,2.0,0.0,0.0,0.0,1.0,0.0,0.0,0.01501592304368342,195.3630828857422,193.95623779296875,0.0,4.9738006591796875,1
2025-01-21,197.4064178466797,201.632629767788,197.22699486763423,198.4231075033933,29971300,5.0,0.8,4.0,0.4472135954999579,0.0,0.2,0.8,0.01045916623936849,0.0060386024437984204,0.014350940849564939,196.04419453938803,195.15091378348214,2.0433349609375,8.362731933593722,1
2025-01-22,197.72537231445312,199.82851627036757,196.88810562725035,198.41313252508547,26200600,8.0,0.125,1.0,0.8345229603962802,0.25,0.375,0.375,0.0016157249153934128,0.0056304407742727245,0.009313242010852195,196.83162434895834,195.5524618966239,2.3622894287109375,2.810836791992216,0
2025-01-23,197.33663940429688,199.64910762651436,194.5656745164631,197.49612311807823,26951400,8.0,0.875,7.0,0.3535533905932738,0.0,0.125,0.875,-0.0019660244186467946,0.0063955810998756035,0.006769141187160964,197.4894765218099,196.27439444405692,1.9735565185546875,5.053527832031278,1
2025-01-24,199.5594024658203,200.24714745985025,197.35657740975265,197.4562585325301,23877500,5.0,0.4,2.0,0.5477225575051661,0.0,0.6,0.4,0.011263813289986713,0.006842796009583599,0.005438865470371187,198.20713806152344,196.87386866978235,2.152984619140625,4.196319580078125,0
2025-01-24,199.5594024658203,200.24714745985025,197.35657740975265,197.4562585325301,23877500,7.0,0.5714285714285714,4.0,0.7867957924694432,0.14285714285714285,0.14285714285714285,0.7142857142857143,0.0,0.00713871309181116,0.005438865470371187,198.8184814453125,197.4733428955078,1.8340301513671875,4.196319580078125,0
2025-01-24,199.5594024658203,200.24714745985025,197.35657740975265,197.4562585325301,23877500,2.0,1.0,2.0,0.0,0.0,0.0,1.0,0.0,0.006503165635075492,0.005438865470371187,199.5594024658203,198.07281712123327,2.2227630615234375,4.196319580078125,0
2025-01-27,191.18670654296875,196.24023876132983,190.11021420279943,191.7847629127979,41728900,3.0,1.0,3.0,0.0,0.0,0.0,1.0,-0.04195590796221993,0.02422325475608284,0.017993135257891882,196.76850382486978,197.4761919294085,-8.372695922851562,-4.1763763427734375,1
2025-01-28,194.6653594970703,194.84476727172617,190.06036222791343,192.1236428916819,24157900,25.0,0.84,21.0,0.37416573867739417,0.0,0.16,0.84,0.018195056638625307,0.03084773584730109,0.019153452488280064,195.13715616861978,197.08461216517858,-4.89404296875,-2.741058349609375,1
2025-01-29,194.7749938964844,196.15049906796548,192.80141720875304,194.92450036864415,18218300,4.0,0.75,3.0,0.5,0.0,0.25,0.75,0.0005631941897485948,0.030921662211783343,0.019125956721913095,193.54235331217447,196.66312953404017,-4.784408569335909,-2.9503784179687216,1
2025-01-30,200.21725463867188,200.74553115150175,197.0276562944523,197.35658576249432,24354700,4.0,0.75,3.0,0.5,0.0,0.25,0.75,0.027941270248889483,0.013877021185237065,0.022221079233973713,196.5525360107422,197.07464599609375,9.030548095703125,2.880615234375,1
2025-01-31,203.3570098876953,204.81225687597484,201.1442229024234,201.3435699298202,32001100,8.0,0.75,6.0,0.7071067811865476,0.125,0.0,0.875,0.015681741589603115,0.01371389542963398,0.022578410731645026,199.4497528076172,197.6171613420759,8.691650390625,3.797607421875,0
2025-01-31,203.3570098876953,204.81225687597484,201.1442229024234,201.3435699298202,32001100,4.0,0.75,3.0,0.5,0.0,0.25,0.75,0.0,0.014005520610057234,0.022578410731645026,202.3104248046875,198.15967668805803,8.582015991210909,3.797607421875,0
2025-02-03,200.57606506347656,203.0878801588649,199.44974753049772,200.0378265762092,27838300,8.0,0.75,6.0,0.4629100498862757,0.0,0.25,0.75,-0.013675185457115768,0.014689888144547894,0.02344784471766372,202.4300282796224,198.30491420200892,0.3588104248046875,1.01666259765625,1
2025-02-04,205.7093505859375,206.37717152288224,202.1509443892273,202.7290614411804,43856400,17.0,0.6470588235294118,11.0,0.492592183071889,0.0,0.35294117647058826,0.6470588235294118,0.025592712275197993,0.019933077246974153,0.015337268138941618,203.21414184570312,200.37957763671875,2.3523406982421875,14.52264404296875,0
2025-02-05,190.7082672119141,192.12365103908184,187.41898765422889,190.4491175677977,70373900,12.0,0.9166666666666666,11.0,0.28867513459481287,0.0,0.08333333333333333,0.9166666666666666,-0.07292368252242631,0.04959474474971271,0.034511819391618556,198.99789428710938,199.81427873883928,-12.648742675781222,-3.9570922851562216,1
2025-02-06,190.97738647460935,191.4757616843978,188.1067403992826,188.8842045098162,29297400,8.0,0.875,7.0,0.3535533905932738,0.0,0.125,0.875,0.0014111567716998952,0.05134182181447159,0.034525450940047,195.79833475748697,199.27176339285714,-9.598678588867216,-3.797607421875057,0
2025-02-07,184.7377166748047,190.5587353980611,182.64454994685505,190.429168187486,49315000,6.0,0.5,3.0,0.5477225575051662,0.0,0.5,0.5,-0.03267229652152681,0.037210043886627665,0.03325994014642829,188.80779012044272,197.0604008265904,-20.971633911132812,-15.479537963867188,0
2025-02-07,184.7377166748047,190.5587353980611,182.64454994685505,190.429168187486,49315000,1.0,1.0,1.0,0.0,0.0,0.0,1.0,0.0,0.019283637761136823,0.031657416980250645,186.8176066080729,194.40050179617745,-5.970550537109403,-18.619293212890625,0
2025-02-07,184.7377166748047,190.5587353980611,182.64454994685505,190.429168187486,49315000,2.0,1.0,2.0,0.0,0.0,0.0,1.0,0.0,0.018863359191746767,0.031657416980250645,184.7377166748047,191.74060276576452,-6.239669799804659,-18.619293212890625,1
2025-02-10,185.8640594482422,187.58843348505013,185.2560410594202,186.74120471977687,23105600,3.0,1.0,3.0,0.0,0.0,0.0,1.0,0.006096983299951786,0.003520094949471762,0.032477433215158454,185.11316426595053,189.6388876778739,1.1263427734375,-14.712005615234375,0
2025-02-11,184.71780395507807,186.332534845636,183.6811749516247,184.4287378023208,21239500,14.0,0.7142857142857143,10.0,0.7262730392025629,0.14285714285714285,0.0,0.8571428571428571,-0.006167171300179852,0.006132110773917639,0.028605976671517944,185.1065266927083,186.64009530203683,-0.019912719726619343,-20.991546630859432,0
2025-02-12,183.01333618164065,184.5084617377645,181.23912173844323,182.62460414541653,22072600,15.0,0.9333333333333333,14.0,0.2581988897471611,0.0,0.06666666666666667,0.9333333333333333,-0.009227414666817535,0.008109785761277353,0.012876471157751798,184.53173319498697,185.5408194405692,-1.724380493164034,-7.6949310302734375,1
2025-02-13,185.53512573242188,185.6746701852319,182.5448744214604,183.7210478458917,21402500,7.0,1.0,7.0,0.0,0.0,0.0,1.0,0.013779266600977946,0.012493550718708989,0.014743186474036095,184.42208862304688,184.7633536202567,-0.3289337158203125,-5.442260742187472,0
2025-02-14,184.6280670166016,185.7942631259136,183.7210357377169,184.45862127858567,20448400,8.0,0.75,6.0,0.4629100498862757,0.0,0.25,0.75,-0.004888878654322526,0.012224496751486628,0.007896180744281946,184.3921763102214,184.74768938337053,-0.08973693847647723,-0.10964965820309658,0
2025-02-14,184.6280670166016,185.7942631259136,183.7210357377169,184.45862127858567,20448400,2.0,1.0,2.0,0.0,0.0,0.0,1.0,0.0,0.00968046977019979,0.007896180744281946,184.930419921875,184.73202514648438,1.6147308349609375,-0.10964965820309658,0
2025-02-14,184.6280670166016,185.7942631259136,183.7210357377169,184.45862127858567,20448400,1.0,0.0,0.0,0.0,0.0,1.0,0.0,0.0,0.0028225954071084535,0.007896180744281946,184.6280670166016,184.71636090959822,-0.9070587158202841,-0.10964965820309658,0
2025-02-14,184.6280670166016,185.7942631259136,183.7210357377169,184.45862127858567,20448400,5.0,0.4,2.0,0.5477225575051661,0.0,0.6,0.4,0.0,0.0,0.007426360624041104,184.6280670166016,184.539790562221,0.0,-1.2359924316405966,0
2025-02-18,183.17282104492188,185.35570680408472,181.14941899629235,184.99687605998665,29916700,11.0,0.6363636363636364,7.0,0.504524979109513,0.0,0.36363636363636365,0.6363636363636364,-0.007882040879238938,0.00455069842339219,0.007652784172298499,184.14298502604166,184.31907871791296,-1.455245971679716,-1.5449829101561932,1
2025-02-19,184.6679534912109,184.85733850337527,182.9934048866249,183.471856036052,19549400,19.0,0.6842105263157895,13.0,0.6710382982072027,0.10526315789473684,0.10526315789473684,0.7894736842105263,0.00816241425862163,0.008022635847215484,0.0074218843379095225,184.15628051757812,184.55545261928015,0.03988647460931816,1.6546173095702557,0
2025-02-20,183.9602508544922,184.7078136523139,182.12623377404523,184.1994764251086,20441500,20.0,0.9,18.0,0.44721359549995787,0.05,0.0,0.95,-0.0038322980427267783,0.008343641100710751,0.00511795942294605,183.93367513020834,184.3304704938616,-0.6678161621094034,-1.5748748779296875,0
2025-02-21,179.076171875,184.73770657345145,178.49805484578573,184.5483215731153,35199200,5.0,0.6,3.0,0.5477225575051661,0.0,0.4,0.6,-0.02654964296257334,0.017629888447023276,0.010945913565845775,182.56812540690103,183.53734261648995,-4.096649169921875,-5.551895141601591,0
2025-02-21,179.076171875,184.73770657345145,178.49805484578573,184.5483215731153,35199200,2.0,0.0,0.0,0.0,0.0,1.0,0.0,0.0,0.014350655095010375,0.010945913565845775,180.7041982014974,182.7442147391183,-5.591781616210909,-5.551895141601591,0
2025-02-21,179.076171875,184.73770657345145,178.49805484578573,184.5483215731153,35199200,3.0,1.0,3.0,0.0,0.0,0.0,1.0,0.0,0.015328443511330158,0.010945913565845775,179.076171875,181.95108686174666,-4.8840789794921875,-5.551895141601591,0
2025-02-24,178.66751098632812,182.52493020594952,178.30868023037235,181.3986125849473,29854200,4.0,0.75,3.0,0.5,0.0,0.25,0.75,-0.0022820506178629074,0.0013175425385273862,0.010829860535703163,178.93995157877603,181.09957885742188,-0.408660888671875,-5.960556030273466,0
2025-02-25,174.84994506835938,178.15916354017307,174.1223215693703,177.46142612582926,41913400,10.0,0.4,4.0,0.5163977794943222,0.0,0.6,0.4,-0.021366872448684182,0.011733011957542543,0.01256573918993884,177.53120930989584,179.9105965750558,-4.226226806640625,-8.3228759765625,0
2025-02-26,172.16868591308594,175.50780571224857,171.0224290795126,174.50109332110333,35431300,7.0,0.8571428571428571,6.0,0.37796447300922725,0.0,0.14285714285714285,0.8571428571428571,-0.015334629669029431,0.00975523959345129,0.011023494010751393,175.2287139892578,178.12498692103796,-6.9074859619140625,-12.499267578124972,0
2025-02-27,167.9524383544922,173.99274319952536,167.3942605774098,173.4246033939964,39991000,8.0,-0.125,-1.0,0.991031208965115,0.5,0.125,0.375,-0.02448905000484347,0.004653660876658381,0.011858780233266758,171.65702311197916,175.8381565638951,-10.715072631835938,-16.0078125,1
2025-02-28,169.72665405273438,170.05558350433006,166.22806568264113,168.13184735576206,48130600,2.0,0.0,0.0,1.4142135623730951,0.5,0.0,0.5,0.010563798392122292,0.01818073233061162,0.012963431434255672,169.94925944010416,174.50251116071428,-5.123291015625,-9.349517822265625,0
2025-02-28,169.72665405273438,170.05558350433006,166.22806568264113,168.13184735576206,48130600,3.0,0.3333333333333333,1.0,1.1547005383792517,0.3333333333333333,0.0,0.6666666666666666,0.0,0.01798151637724042,0.012963431434255672,169.13524881998697,173.1668657575335,-2.4420318603515625,-9.349517822265625,0
2025-02-28,169.72665405273438,170.05558350433006,166.22806568264113,168.13184735576206,48130600,7.0,-0.14285714285714285,-1.0,1.0690449676496976,0.5714285714285714,0.0,0.42857142857142855,0.0,0.006099011845356715,0.012963431434255672,169.72665405273438,171.83122035435267,1.7742156982421875,-9.349517822265625,0
2025-03-03,166.46728515625,172.80661854958163,165.39079285822712,171.37129548555112,40770500,6.0,0.8333333333333334,5.0,0.408248290463863,0.0,0.16666666666666666,0.8333333333333334,-0.019203636073988006,0.011087224456736568,0.013386368966525173,168.64019775390625,170.0883309500558,-3.259368896484375,-12.200225830078125,1
2025-03-04,170.3645782470703,172.72687185175528,165.2612210149662,165.69979362882594,45388000,4.0,0.75,3.0,0.5,0.0,0.25,0.75,0.023411765784263405,0.02134230107532783,0.017193472299701015,168.85283915201822,169.44756426130022,0.6379241943359375,-4.4853668212890625,1
2025-03-05,172.457763671875,173.21528852342593,168.5106252766886,169.96588759666264,30954900,18.0,0.7777777777777778,14.0,0.6467616667635545,0.1111111111111111,0.0,0.8888888888888888,0.012286506070346759,0.022103819170423773,0.017215365949372362,169.7632090250651,169.48886108398438,2.731109619140625,0.2890777587890625,0
2025-03-06,171.78994750976562,174.24194511914502,169.9459530788933,169.97585437589512,28302000,11.0,0.8181818181818182,9.0,0.6030226891555273,0.09090909090909091,0.0,0.9090909090909091,-0.003872346178511177,0.013719224196358763,0.01364818857892301,171.5374298095703,170.03707667759485,5.322662353515625,3.8375091552734375,1
2025-03-07,173.29501342773438,174.40140690524717,169.7166833840427,170.7034564793899,27385800,3.0,0.3333333333333333,1.0,0.5773502691896258,0.0,0.6666666666666666,0.3333333333333333,0.008761082588276459,0.008496476123800275,0.013504808098100196,172.51424153645834,170.54684230259485,2.9304351806640625,3.568359375,0
2025-03-07,173.29501342773438,174.40140690524717,169.7166833840427,170.7034564793899,27385800,8.0,0.625,5.0,0.5175491695067657,0.0,0.375,0.625,0.0,0.006472443580935075,0.013504808098100196,172.79332478841147,171.05660792759485,0.837249755859375,3.568359375,0
2025-03-07,173.29501342773438,174.40140690524717,169.7166833840427,170.7034564793899,27385800,8.0,0.125,1.0,0.6408699444616557,0.125,0.625,0.25,0.0,0.005058213390733916,0.013504808098100196,173.29501342773438,171.56637355259485,1.50506591796875,3.568359375,0
2025-03-10,165.52139282226562,168.10596109578225,163.34598174937858,167.906369246359,43604000,3.0,0.3333333333333333,1.0,1.1547005383792517,0.3333333333333333,0.0,0.6666666666666666,-0.04485772816948608,0.025898621433887836,0.021604130931251474,170.70380655924478,171.4312460763114,-7.77362060546875,-0.945892333984375,0
2025-03-11,163.6952362060547,166.39954739419704,161.0308494782836,164.56341811184632,39587400,10.0,0.6,6.0,0.5163977794943222,0.0,0.4,0.6,-0.011032752836799942,0.02337401109474026,0.018984744024817802,167.5038808186849,170.47848292759485,-9.599777221679688,-6.669342041015625,1
2025-03-12,166.7587890625,167.2876739545911,163.1863112454469,166.2299041704089,28372400,9.0,0.5555555555555556,5.0,0.726483157256779,0.1111111111111111,0.2222222222222222,0.6666666666666666,0.018714978685079098,0.03180813717633455,0.02011226885118131,165.32513936360678,169.66434369768416,-6.536224365234375,-5.698974609375,0
2025-03-13,162.41793823242188,165.78086619728484,161.76931036259103,165.69104376890482,31756200,11.0,0.2727272727272727,3.0,0.9045340337332909,0.2727272727272727,0.18181818181818182,0.5454545454545454,-0.02603071690842762,0.02277441448621089,0.02166054428392109,164.29065450032553,168.3254852294922,-3.10345458984375,-9.37200927734375,1
2025-03-14,165.14219665527344,166.14009496437765,162.10857726863358,162.92686119092454,31995900,1.0,1.0,1.0,0.0,0.0,0.0,1.0,0.01677313757642418,0.025292021073184307,0.022858695526218657,164.7729746500651,167.16079711914062,1.44696044921875,-8.152816772460938,0
2025-03-14,165.14219665527344,166.14009496437765,162.10857726863358,162.92686119092454,31995900,7.0,0.8571428571428571,6.0,0.37796447300922725,0.0,0.14285714285714285,0.8571428571428571,0.0,0.0215681336145277,0.022858695526218657,164.2341105143229,165.99610900878906,-1.6165924072265625,-8.152816772460938,0
2025-03-14,165.14219665527344,166.14009496437765,162.10857726863358,162.92686119092454,31995900,1.0,1.0,1.0,0.0,0.0,0.0,1.0,0.0,0.009683975494903109,0.022858695526218657,165.14219665527344,164.8314208984375,2.7242584228515625,-8.152816772460938,0
2025-03-17,163.9447021484375,165.95048744156196,163.32601008577632,164.68315235917976,31184300,3.0,1.0,3.0,0.0,0.0,0.0,1.0,-0.007251293316242191,0.004186536148105312,0.015665033927913456,164.74303181966147,164.6061793736049,-1.1974945068359375,-1.576690673828125,0
2025-03-18,160.3323211669922,163.90479897801157,156.39062585030788,163.3359896270705,42074800,17.0,0.8235294117647058,14.0,0.5285941398709243,0.058823529411764705,0.058823529411764705,0.8823529411764706,-0.02203414281831817,0.011229554338865856,0.017277668939729048,163.13973999023438,164.12576293945312,-4.80987548828125,-3.3629150390625,1
2025-03-19,163.54556274414062,165.52139724714462,160.66163707283374,161.42003435006745,34275600,10.0,0.4,4.0,0.8432740427115678,0.2,0.2,0.6,0.020041134275114336,0.021345328082586715,0.017558309207536697,162.60752868652344,163.66673060825892,-1.5966339111328125,-3.213226318359375,0
2025-03-20,162.45785522460938,164.5434591319573,160.62172590598882,161.23044451155243,28138500,6.0,0.5,3.0,0.5477225575051661,0.0,0.5,0.5,-0.006650791995090222,0.02128941580948018,0.014521207528961787,162.1119130452474,163.67243303571428,-1.486846923828125,0.0399169921875,1
2025-03-21,163.64535522460938,163.89482981108262,160.55186426165298,160.87119904116452,36625800,8.0,0.75,6.0,0.4629100498862757,0.0,0.25,0.75,0.0073095880673679225,0.013350676689106401,0.013082206423612318,163.21625773111978,163.45859854561942,3.3130340576171875,-1.4968414306640625,0
2025-03-21,163.64535522460938,163.89482981108262,160.55186426165298,160.87119904116452,36625800,2.0,1.0,2.0,0.0,0.0,0.0,1.0,0.0,0.006982780288739339,0.013082206423612318,163.24952189127603,163.24476405552454,0.09979248046875,-1.4968414306640625,0
2025-03-21,163.64535522460938,163.89482981108262,160.55186426165298,160.87119904116452,36625800,2.0,1.0,2.0,0.0,0.0,0.0,1.0,0.0,0.004220192638360093,0.013082206423612318,163.64535522460938,163.0309295654297,1.1875,-1.4968414306640625,1
2025-03-24,167.3275909423828,167.96626051519195,164.79293578885944,166.71888755590038,30879100,3.0,1.0,3.0,0.0,0.0,0.0,1.0,0.02250131519296361,0.01299114038377814,0.015422473886523345,164.87276713053384,163.51419939313615,3.6822357177734375,3.3828887939453125,1
2025-03-25,170.2015380859375,170.27139827842032,167.96625555401127,168.62485688475655,24174400,5.0,1.0,5.0,0.0,0.0,0.0,1.0,0.017175572345055068,0.01175920212482804,0.011400686468422322,167.05816141764322,164.92408752441406,6.556182861328125,9.869216918945312,0
2025-03-26,164.7130889892578,169.2535292452292,164.49355014774926,168.64481068044992,28901600,5.0,0.6,3.0,0.5477225575051661,0.0,0.4,0.6,-0.03224676556041739,0.030189080164587857,0.01793264827017176,167.41407267252603,165.09087698800224,1.0677337646484375,1.1675262451171875,0
2025-03-27,161.89903259277344,165.0723420135672,161.6595315089187,164.2840090226325,24508300,6.0,0.8333333333333334,5.0,0.408248290463863,0.0,0.16666666666666666,0.8333333333333334,-0.01708459487799363,0.02531869520728674,0.019086170045007244,165.60455322265625,165.01104518345423,-5.428558349609375,-0.5588226318359375,0
2025-03-28,154.0056610107422,161.4799254652425,153.30713518011623,160.15271877369267,48669300,10.0,0.7,7.0,0.6749485577105528,0.1,0.1,0.8,-0.04875490270461058,0.015839920084010896,0.025893074915301302,160.20592753092447,163.63394601004464,-16.195877075195312,-9.639694213867188,0
2025-03-28,154.0056610107422,161.4799254652425,153.30713518011623,160.15271877369267,48669300,8.0,0.375,3.0,0.7440238091428449,0.125,0.375,0.5,0.0,0.02473840576146693,0.025893074915301302,156.63678487141928,162.25684683663505,-10.707427978515625,-9.639694213867188,0
2025-03-28,154.0056610107422,161.4799254652425,153.30713518011623,160.15271877369267,48669300,5.0,1.0,5.0,0.0,0.0,0.0,1.0,0.0,0.028148656200820923,0.025893074915301302,154.0056610107422,160.87974766322546,-7.89337158203125,-9.639694213867188,1
2025-03-31,154.31500244140625,155.2131048785596,150.34337121509955,152.78821916221315,54603500,1.0,1.0,1.0,0.0,0.0,0.0,1.0,0.002008636751622328,0.0011596869692532858,0.022797846013049045,154.10877482096353,159.02080644880022,0.3093414306640625,-13.012588500976562,1
2025-04-01,156.73989868164062,157.7677327478603,153.29713724683472,153.29713724683472,30672900,6.0,1.0,6.0,0.0,0.0,0.0,1.0,0.01571393708887836,0.008551780494606422,0.02249860270139988,155.0201873779297,157.09771510532923,2.7342376708984375,-13.461639404296875,0
2025-04-02,156.70994567871094,158.07707673307476,154.37486726125917,154.8239184605045,25041700,6.0,0.5,3.0,0.8366600265340756,0.16666666666666666,0.16666666666666666,0.6666666666666666,-0.00019110005290057241,0.008618239435686487,0.020762715549658736,155.92161560058594,155.95440891810827,2.70428466796875,-8.003143310546875,0
2025-04-03,150.4032440185547,152.4589122309581,150.07393572821033,150.79242377501242,46883400,8.0,0.625,5.0,0.7440238091428449,0.125,0.125,0.75,-0.040244425028940656,0.028834520223239957,0.02421428079004629,154.6176961263021,154.31215340750558,-3.9117584228515625,-11.49578857421875,0
2025-04-04,145.29400634765625,150.75251155896433,145.0744674917677,147.6989298070746,62259500,1.0,1.0,1.0,0.0,0.0,0.0,1.0,-0.03397026243840939,0.021543234704949597,0.02067846437658245,150.80239868164062,153.067631312779,-11.445892333984375,-8.711654663085938,0
2025-04-04,145.29400634765625,150.75251155896433,145.0744674917677,147.6989298070746,62259500,4.0,0.5,2.0,1.0,0.25,0.0,0.75,0.0,0.021652396296395045,0.02067846437658245,146.99708557128906,151.82310921805245,-11.415939331054688,-8.711654663085938,1
2025-04-07,146.4415740966797,152.52875975799608,140.2346455130815,141.25250603263527,76794100,4.0,0.5,2.0,1.0,0.25,0.0,0.75,0.00789824561845709,0.022246096964380728,0.021396952902869536,145.67652893066406,150.7425253731864,-3.961669921875,-7.5640869140625,0
2025-04-08,144.39588928222656,151.92005142460044,142.72940085243894,150.9021908364876,52200200,6.0,0.6666666666666666,4.0,0.5163977794943222,0.0,0.3333333333333333,0.6666666666666666,-0.013969289985250932,0.011073334787685131,0.021130168334751575,145.37715657552084,149.32550920758928,-0.8981170654296875,-9.919113159179688,1
2025-04-09,158.37644958496094,159.21468052208976,143.6075513553121,144.11647401855743,70406200,14.0,0.5714285714285714,8.0,0.7559289460184545,0.14285714285714285,0.14285714285714285,0.7142857142857143,0.09682104090518062,0.05867985181445061,0.04540063219562541,149.73797098795572,149.5593021937779,13.082443237304688,1.6365509033203125,0
2025-04-10,152.4988250732422,157.38852063839548,149.6148843769422,156.21099272991097,48022000,7.0,0.5714285714285714,4.0,0.7867957924694431,0.14285714285714285,0.14285714285714285,0.7142857142857143,-0.037111733007789804,0.07158684471312406,0.0478229832068485,151.7570546468099,148.9577135358538,6.0572509765625,-4.21112060546875,1
2025-04-11,156.80975341796875,157.33863834997953,152.4988402629555,152.5786587351614,33636200,7.0,0.5714285714285714,4.0,0.5345224838248488,0.0,0.42857142857142855,0.5714285714285714,0.02826860038204293,0.06697264743145377,0.04588742850207261,155.89500935872397,149.8729291643415,12.413864135742188,6.4065093994140625,0
2025-04-11,156.80975341796875,157.33863834997953,152.4988402629555,152.5786587351614,33636200,7.0,0.8571428571428571,6.0,0.37796447300922725,0.0,0.14285714285714285,0.8571428571428571,0.0,0.03278968966145405,0.04252419150832273,155.3727773030599,151.51803588867188,-1.5666961669921875,11.5157470703125,1
2025-04-14,158.73570251464844,161.3801271292812,157.22886621670372,159.66374069863323,30333000,3.0,1.0,3.0,0.0,0.0,0.0,1.0,0.01228207464586828,0.014174696529847966,0.04221318118922587,157.4517364501953,153.4382781982422,6.23687744140625,13.441696166992188,0
2025-04-15,155.9814910888672,159.3144679755199,154.8838120227522,158.79557178865275,27551500,17.0,0.4117647058823529,7.0,0.6183469424008423,0.058823529411764705,0.47058823529411764,0.47058823529411764,-0.01735092598671739,0.014888579049582818,0.043815517771141003,157.17564900716147,154.8011234828404,-0.8282623291015625,9.5399169921875,0
2025-04-16,153.00775146484375,155.56236873164264,151.1915692108639,152.77823911437727,28187400,17.0,0.17647058823529413,3.0,0.39295262399668784,0.0,0.8235294117647058,0.17647058823529413,-0.01906469545370104,0.01762418663821611,0.044316615964194866,155.90831502278647,156.03138950892858,-3.802001953125,8.611862182617188,0
2025-04-17,150.84231567382812,154.3549068428226,148.1879024535801,153.96572710201332,33046600,18.0,0.2222222222222222,4.0,0.42779263194649864,0.0,0.7777777777777778,0.2222222222222222,-0.014152458096302167,0.0024932334590319063,0.021888905957966567,153.27718607584634,154.95508466448103,-7.8933868408203125,-7.5341339111328125,0
2025-04-17,150.84231567382812,154.3549068428226,148.1879024535801,153.96572710201332,33046600,11.0,0.7272727272727273,8.0,0.4670993664969138,0.0,0.2727272727272727,0.7272727272727273,0.0,0.009898524795522083,0.017322610253390585,151.56412760416666,154.71844046456474,-5.1391754150390625,-1.6565093994140625,0
2025-04-17,150.84231567382812,154.3549068428226,148.1879024535801,153.96572710201332,33046600,2.0,0.0,0.0,0.0,0.0,1.0,0.0,0.0,0.008170925491595062,0.011592066808289867,150.84231567382812,153.86594935825892,-2.165435791015625,-5.967437744140625,0
2025-04-17,150.84231567382812,154.3549068428226,148.1879024535801,153.96572710201332,33046600,2.0,0.5,1.0,0.7071067811865476,0.0,0.5,0.5,0.0,0.0,0.011592066808289867,150.84231567382812,153.01345825195312,0.0,-5.967437744140625,0
2025-04-21,147.35964965820312,148.63695834662283,145.7929571438361,148.5671133790027,26049100,10.0,0.3,3.0,0.6749485577105528,0.1,0.5,0.4,-0.023088123515391357,0.013329934326694593,0.010188531242255359,149.68142700195312,151.38830784388952,-3.482666015625,-11.376052856445312,1
2025-04-22,151.1516571044922,151.8701451004615,148.22780716014373,148.57707765672205,26971800,11.0,0.45454545454545453,5.0,0.6875516509523286,0.09090909090909091,0.36363636363636365,0.5454545454545454,0.025733010733158812,0.024422504779300733,0.016459448244574276,149.78454081217447,150.69833156040735,0.3093414306640625,-4.829833984375,1
2025-04-23,155.0235137939453,157.19892487451833,153.48674181759014,155.28296188170384,31128800,8.0,0.875,7.0,0.3535533905932738,0.0,0.125,0.875,0.025615707850139335,0.02815309366944536,0.018363331348481542,151.17827351888022,150.98629760742188,4.1811981201171875,2.0157623291015625,1
2025-04-24,158.9452362060547,159.2545822353842,155.4625657406937,155.82180972917425,45894000,3.0,0.3333333333333333,1.0,1.1547005383792517,0.3333333333333333,0.0,0.6666666666666666,0.02529759722336089,0.00022529212952750982,0.018626143594196953,155.0401357014974,152.14385768345423,11.585586547851562,8.102920532226562,1
2025-04-25,161.61962890625,165.75092760525033,160.70154899383132,164.72309348828867,56034000,14.0,0.2857142857142857,4.0,0.825420305855557,0.21428571428571427,0.2857142857142857,0.5,0.016825875150660474,0.004985519500392947,0.01855976767095125,158.52945963541666,153.68347385951452,10.467971801757812,10.777313232421875,0
2025-04-25,161.61962890625,165.75092760525033,160.70154899383132,164.72309348828867,56034000,6.0,0.16666666666666666,1.0,0.983192080250175,0.3333333333333333,0.16666666666666666,0.5,0.0,0.012876649245424204,0.01855976767095125,160.72816467285156,155.22309003557478,6.5961151123046875,10.777313232421875,0
2025-04-25,161.61962890625,165.75092760525033,160.70154899383132,164.72309348828867,56034000,2.0,0.5,1.0,0.7071067811865476,0.0,0.5,0.5,0.0,0.009714423547584963,0.01855976767095125,161.61962890625,156.76270621163505,2.6743927001953125,10.777313232421875,0
2025-04-28,160.2724609375,162.80711614692785,158.26669065633925,162.08862808839123,29745800,5.0,0.8,4.0,0.4472135954999579,0.0,0.2,0.8,-0.008335422979664497,0.004812458701118886,0.014579912372761815,161.17057291666666,158.6073935372489,-1.34716796875,12.912811279296875,0
2025-04-29,159.8234100341797,160.4021929284458,157.1889588897359,159.98307743122987,26809000,3.0,1.0,3.0,0.0,0.0,0.0,1.0,-0.0028017970192359964,0.004241665534843167,0.014135588671555722,160.57183329264322,159.8462153843471,-1.7962188720703125,8.6717529296875,0
2025-04-30,158.4662628173828,158.93527626532435,155.07339925298186,157.6479788523033,34981100,4.0,0.5,2.0,0.5773502691896257,0.0,0.5,0.5,-0.008491542112051276,0.003240848363074398,0.012911407765819647,159.52071126302084,160.3380366734096,-3.1533660888671875,3.4427490234375,1
2025-05-01,160.96099853515625,161.60962633825872,158.57602221167295,160.11277889105028,30203200,4.0,0.5,2.0,1.0,0.25,0.0,0.75,0.015743008470190167,0.012672782197720023,0.010459979740089333,159.7502237955729,160.6260027204241,0.68853759765625,2.0157623291015625,1
2025-05-02,163.68527221679688,164.62329914267073,161.5298080330937,163.0665800855699,25715000,6.0,0.5,3.0,0.5477225575051661,0.0,0.5,0.5,0.016925054556278685,0.01434523185053388,0.01048368864021248,161.03751118977866,160.9210946219308,3.8618621826171875,2.065643310546875,0
2025-05-02,163.68527221679688,164.62329914267073,161.5298080330937,163.0665800855699,25715000,1.0,1.0,1.0,0.0,0.0,0.0,1.0,0.0,0.009448959558024881,0.01048368864021248,162.77718098958334,161.2161865234375,5.2190093994140625,2.065643310546875,1
2025-05-05,163.86489868164062,165.0424114540437,162.37802462287598,162.65743494943675,21341800,3.0,1.0,3.0,0.0,0.0,0.0,1.0,0.0010973892911136929,0.009470803580261667,0.010459367817971053,163.74514770507812,161.5369393484933,2.903900146484375,2.245269775390625,0
2025-05-06,162.88693237304688,164.4536399852438,160.85122657670271,161.82916262997554,21277200,12.0,0.75,9.0,0.621581560508061,0.08333333333333333,0.08333333333333333,0.8333333333333334,-0.005968125672196289,0.0038022863514852925,0.01010088503550996,163.47903442382812,161.91043526785714,-0.79833984375,2.614471435546875,0
2025-05-07,151.06185913085938,164.6532299684301,147.52929039730043,163.73516530126716,127490100,15.0,0.3333333333333333,5.0,0.7237468644557459,0.13333333333333333,0.4,0.4666666666666667,-0.07259681958467656,0.04066149033177944,0.030298025676270803,159.27123006184897,160.6587851388114,-12.6234130859375,-8.761550903320312,1
2025-05-08,153.9557647705078,155.6022910487671,152.57866009847342,154.67425284055005,57498700,9.0,0.5555555555555556,5.0,0.5270462766947299,0.0,0.4444444444444444,0.5555555555555556,0.019157090057666748,0.04741560793067063,0.03192303668517083,155.9681854248047,160.0144282749721,-9.909133911132812,-4.510498046875,0
2025-05-09,152.42897033691406,154.7241395477239,151.88012320852386,153.84598414229956,32435300,9.0,0.4444444444444444,4.0,0.5270462766947299,0.0,0.5555555555555556,0.4444444444444444,-0.009917098173424344,0.046891427489724274,0.03077588046626247,152.4821980794271,158.79556710379464,-10.457962036132812,-8.532028198242188,0
2025-05-09,152.42897033691406,154.7241395477239,151.88012320852386,153.84598414229956,32435300,14.0,0.14285714285714285,2.0,0.6629935441317959,0.14285714285714285,0.5714285714285714,0.2857142857142857,0.0,0.014779779863921158,0.029176085713202154,152.93790181477866,157.1875239780971,1.3671112060546875,-11.256301879882812,0
2025-05-09,152.42897033691406,154.7241395477239,151.88012320852386,153.84598414229956,32435300,6.0,0.3333333333333333,2.0,0.5163977794943222,0.0,0.6666666666666666,0.3333333333333333,0.0,0.005725639300006621,0.029176085713202154,152.42897033691406,155.57948085239954,-1.52679443359375,-11.256301879882812,1
2025-05-12,158.12696838378906,158.76562267487037,155.9216064819518,157.15900583261154,44138800,8.0,0.375,3.0,0.9161253813129043,0.25,0.125,0.625,0.037381332657963284,0.02158212247274209,0.03421221274187089,154.32830301920572,154.75977652413505,5.697998046875,-5.7379302978515625,1
2025-05-13,159.19471740722656,160.23254018461523,155.83180494907126,158.45626717049694,42382100,9.0,0.8888888888888888,8.0,0.3333333333333333,0.0,0.1111111111111111,0.8888888888888888,0.006752478937343431,0.019921038641445205,0.034462085349836996,156.58355204264322,154.23231724330358,6.7657470703125,-3.6922149658203125,1
2025-05-14,165.02244567871094,166.64902486582008,159.27455664998826,159.6238271640479,48755900,7.0,0.5714285714285714,4.0,0.7867957924694431,0.14285714285714285,0.14285714285714285,0.7142857142857143,0.03660754807948052,0.017464490527423656,0.018671511899373643,160.78137715657553,156.22668675013952,12.593475341796875,13.960586547851562,0
2025-05-15,163.61541748046875,165.8606887311189,162.02874755770196,165.49145599350894,33146700,0.0,0.0,0.0,0.0,0.0,0.0,0.0,-0.008526283757674946,0.022955858073256993,0.01999868714837687,162.6108601888021,157.60663713727678,5.4884490966796875,9.659652709960938,1
2025-05-16,165.84072875976562,168.99409119137468,165.27191939302787,167.3774855147182,42846900,3.0,0.6666666666666666,2.0,0.5773502691896258,0.0,0.3333333333333333,0.6666666666666666,0.01360086545366368,0.022568344179294385,0.01820576809016159,164.8261973063151,159.52260262625558,6.6460113525390625,13.411758422851562,0
2025-05-16,165.84072875976562,168.99409119137468,165.27191939302787,167.3774855147182,42846900,1.0,1.0,1.0,0.0,0.0,0.0,1.0,0.0,0.011160135811792387,0.01820576809016159,165.09895833333334,161.43856811523438,0.8182830810546875,13.411758422851562,1
2025-05-19,166.1899871826172,166.2897831099107,163.87487089127026,164.16425471766837,30426100,4.0,1.0,4.0,0.0,0.0,0.0,1.0,0.0021059870241977308,0.007320643784792901,0.01798548106489518,165.95714823404947,163.40442766462053,2.5745697021484375,13.761016845703125,0
2025-05-20,163.6353759765625,168.1458810248048,162.55764387335125,166.08022402030295,46607700,27.0,0.8148148148148148,22.0,0.557262335477027,0.07407407407407407,0.037037037037037035,0.8888888888888888,-0.015371631283944698,0.009541046163819069,0.016869193374877925,165.22203063964844,164.19134303501673,-2.205352783203125,5.5084075927734375,1
2025-05-21,168.20574951171875,172.77612594690945,163.21625758160502,163.34598924433868,73416000,25.0,0.84,21.0,0.5537749241945383,0.08,0.0,0.92,0.027930229071071233,0.021784588318449403,0.018995828276428293,166.01037089029947,165.4786333356585,2.365020751953125,9.011032104492188,1
2025-05-22,170.51089477539062,176.3985044728025,170.35124260366135,171.48884617085898,74864400,6.0,1.0,6.0,0.0,0.0,0.0,1.0,0.01370431908756653,0.02207124265898453,0.014756514842882113,167.45067342122397,166.26269749232702,4.3209075927734375,5.4884490966796875,0
2025-05-23,168.11593627929688,169.6028103027405,167.5371534089642,168.70469265151235,35211400,7.0,0.42857142857142855,3.0,0.7867957924694432,0.14285714285714285,0.2857142857142857,0.5714285714285714,-0.014045779885493936,0.021348028151701656,0.01570298814379144,168.9441935221354,166.90562874930245,4.480560302734375,4.500518798828125,0
2025-05-23,168.11593627929688,169.6028103027405,167.5371534089642,168.70469265151235,35211400,1.0,1.0,1.0,0.0,0.0,0.0,1.0,0.0,0.013875399617429923,0.015147083372938125,168.91425577799478,167.23065839494978,-0.089813232421875,2.27520751953125,0
2025-05-23,168.11593627929688,169.6028103027405,167.5371534089642,168.70469265151235,35211400,3.0,0.3333333333333333,1.0,0.5773502691896258,0.0,0.6666666666666666,0.3333333333333333,0.0,0.008109334797868241,0.015147083372938125,168.11593627929688,167.5556880405971,-2.39495849609375,2.27520751953125,0
2025-05-23,168.11593627929688,169.6028103027405,167.5371534089642,168.70469265151235,35211400,1.0,1.0,1.0,0.0,0.0,0.0,1.0,0.0,0.0,0.015166599293584545,168.11593627929688,167.83082362583704,0.0,1.9259490966796875,1
2025-05-27,172.53662109375,172.80605791558804,169.6427219280191,169.80238932071725,37995700,8.0,0.875,7.0,0.3535533905932738,0.0,0.125,0.875,0.02629545367495023,0.015181687257695902,0.015501902144656639,169.5894978841146,169.10243007114954,4.420684814453125,8.9012451171875,0
2025-05-28,171.9977569580078,174.90164475593082,171.5487057543554,172.79607866823434,34784000,7.0,0.2857142857142857,2.0,0.9511897312113419,0.2857142857142857,0.14285714285714285,0.5714285714285714,-0.0031231870215505664,0.016158906736806474,0.012986106707619077,170.88343811035156,169.64414542061942,3.8818206787109375,3.7920074462890625,0
2025-05-29,171.49880981445312,174.0534271359213,170.27139911620654,173.63431165912297,29317300,14.0,1.0,14.0,0.0,0.0,0.0,1.0,-0.002900893316164055,0.01692105450096036,0.012256749410348686,172.0110626220703,169.78527614048548,3.38287353515625,0.9879150390625,0
2025-05-30,171.3790740966797,171.84808755569938,167.0881079964574,170.98989433565492,52639900,9.0,0.5555555555555556,5.0,0.5270462766947299,0.0,0.4444444444444444,0.5555555555555556,-0.000698172295790167,0.0013405279311534699,0.010451297999926279,171.62521362304688,170.2514386858259,-1.1575469970703125,3.2631378173828125,0
2025-05-30,171.3790740966797,171.84808755569938,167.0881079964574,170.98989433565492,52639900,10.0,0.4,4.0,0.5163977794943222,0.0,0.6,0.4,0.0,0.0015140787341912246,0.010451297999926279,171.41898600260416,170.7176012311663,-0.618682861328125,3.2631378173828125,0
2025-05-30,171.3790740966797,171.84808755569938,167.0881079964574,170.98989433565492,52639900,2.0,0.5,1.0,0.7071067811865476,0.0,0.5,0.5,0.0,0.0004030899629171481,0.010451297999926279,171.3790740966797,171.1837637765067,-0.1197357177734375,3.2631378173828125,0
2025-06-02,168.6747589111328,169.5129898808019,167.03820620651766,167.4872574240746,38612300,1.0,1.0,1.0,0.0,0.0,0.0,1.0,-0.01577972806657424,0.009110430246975814,0.012629673054886811,170.4776357014974,171.2635955810547,-2.704315185546875,0.5588226318359375,0
2025-06-03,165.83074951171875,168.12591888686956,164.9326470385699,167.13800921175007,45084900,8.0,0.875,7.0,0.3535533905932738,0.0,0.125,0.875,-0.016860906858698677,0.009438034272146676,0.0074229238479602945,168.6281941731771,170.3056139264788,-5.5483245849609375,-6.70587158203125,1
2025-06-04,167.69680786132812,167.8664487405706,166.01035734329753,166.38956355967437,26900800,4.0,1.0,4.0,0.0,0.0,0.0,1.0,0.011252788491301624,0.015928516175217587,0.009828747122590397,167.40077209472656,169.69119262695312,-3.6822662353515625,-4.3009490966796875,1
2025-06-05,167.8564910888672,170.57076063975376,167.23778374687686,169.98200425737,36379100,4.0,0.5,2.0,1.0,0.25,0.0,0.75,0.0009522138767907862,0.01422315584975704,0.009979178454910507,167.12801615397134,169.17086138044084,-0.818267822265625,-3.6423187255859375,1
2025-06-06,173.31497192382812,174.1332558504034,170.47097086402252,170.47097086402252,35731800,7.0,1.0,7.0,0.0,0.0,0.0,1.0,0.03251873549573414,0.01609755481692621,0.016819793779818466,169.6227569580078,169.44741821289062,7.484222412109375,1.9358978271484375,0
2025-06-06,173.31497192382812,174.1332558504034,170.47097086402252,170.47097086402252,35731800,8.0,1.0,8.0,0.0,0.0,0.0,1.0,0.0,0.01850594569603645,0.016819793779818466,171.49547831217447,169.7239750453404,5.6181640625,1.9358978271484375,0
2025-06-06,173.31497192382812,174.1332558504034,170.47097086402252,170.47097086402252,35731800,2.0,1.0,2.0,0.0,0.0,0.0,1.0,0.0,0.018774700692168387,0.016819793779818466,173.31497192382812,170.00053187779017,5.4584808349609375,1.9358978271484375,1
2025-06-09,175.93264770507812,176.31231302715454,174.21418342483807,174.38402968862113,28935900,2.0,0.5,1.0,0.7071067811865476,0.0,0.5,0.5,0.015103575601076669,0.00872005343900757,0.015457889004498699,174.18753051757812,171.03737313406808,2.61767578125,7.2578887939453125,1
2025-06-10,178.44041442871094,180.94816607880887,174.7537092641778,176.04254985052344,61766100,14.0,0.6428571428571429,9.0,0.744946343668492,0.14285714285714285,0.07142857142857142,0.7857142857142857,0.014254129386131131,0.008485475427321879,0.011777731264407709,175.89601135253906,172.83875383649553,5.1254425048828125,12.609664916992188,0
2025-06-11,177.1915283203125,180.20881870896204,176.59205837486806,179.60936400867158,31646800,15.0,0.06666666666666667,1.0,0.8837151016885367,0.3333333333333333,0.26666666666666666,0.4,-0.006998897152289407,0.012522859083346959,0.01349924303840331,177.18819681803384,174.1951424734933,3.876556396484375,9.494720458984375,0
2025-06-12,175.54299926757812,176.56209210971562,174.59385119423692,176.02256609234394,20941900,20.0,0.1,2.0,0.5525062514530825,0.1,0.7,0.2,-0.009303656153099471,0.012986995486556383,0.014875021706923236,177.05831400553384,175.29321507045202,-0.3896484375,7.6865081787109375,0
2025-06-13,174.513916015625,176.9717245091389,172.2359546046385,172.28591297451578,27663100,17.0,0.4117647058823529,7.0,0.5072996561958923,0.0,0.5882352941176471,0.4117647058823529,-0.005862285914259191,0.0017534170581570787,0.00994833428583661,175.74948120117188,175.46449279785156,-3.9264984130859375,1.198944091796875,0
2025-06-13,174.513916015625,176.9717245091389,172.2359546046385,172.28591297451578,27663100,16.0,0.6875,11.0,0.6020797289396148,0.0625,0.1875,0.75,0.0,0.00470403095008974,0.00994833428583661,174.85694376627603,175.6357705252511,-2.6776123046875,1.198944091796875,1
2025-06-16,176.61204528808594,176.78189154925582,174.49392932110277,174.57385966373928,27389200,0.0,0.0,0.0,0.0,0.0,0.0,0.0,0.012022704666561301,0.009117608528884501,0.010747125945785894,175.21329243977866,176.10678100585938,1.0690460205078125,3.2970733642578125,0
2025-06-17,175.7927703857422,177.20151408744945,174.4239994778565,175.5429937823964,24973000,0.0,0.0,0.0,0.0,0.0,0.0,0.0,-0.004638839332885669,0.008599140521986286,0.00947904518358963,175.63957722981772,176.08679853166853,1.2788543701171875,-0.1398773193359375,0
2025-06-18,173.16513061523438,176.4022256326498,173.04522747911062,175.8527140571151,28707500,0.0,0.0,0.0,0.0,0.0,0.0,0.0,-0.01494737107073274,0.013609174970775503,0.00849650551660568,175.18998209635416,175.33318655831474,-1.348785400390625,-5.2752838134765625,0
2025-06-20,166.4910888671875,174.18420505107113,165.312150640077,173.7945541672621,75659900,0.0,0.0,0.0,0.0,0.0,0.0,0.0,-0.03854148767904275,0.01737976663633092,0.015596767360991167,171.8163299560547,173.80455235072546,-10.120956420898438,-10.700439453125,0
2025-06-23,165.04238891601562,167.19046158134836,161.85523705575486,166.1214256591391,57671000,0.0,0.0,0.0,0.0,0.0,0.0,0.0,-0.008701366307523717,0.01573810533649438,0.015594884436618418,168.23286946614584,172.3044651576451,-10.750381469726562,-10.5006103515625,1
2025-06-24,166.62098693847656,168.06968824197463,165.98155942026995,166.77084680791774,40524300,0.0,0.0,0.0,0.0,0.0,0.0,0.0,0.009564803520047294,0.024284086203960508,0.017076952800772472,166.0514882405599,171.1769038609096,-6.5441436767578125,-7.8929290771484375,1
2025-06-25,170.52748107910156,172.2059878377665,167.40028826627824,167.48021861146748,35479000,0.0,0.0,0.0,0.0,0.0,0.0,0.0,0.023445390718201953,0.016123159576658105,0.020509966979885445,167.3969523111979,170.60741315569197,4.0363922119140625,-3.9864349365234375,1
2025-06-26,173.38491821289062,173.53479332021178,169.78814431449064,172.275909497391,31796700,0.0,0.0,0.0,0.0,0.0,0.0,0.0,0.01675646127947905,0.006941810754774189,0.021159962932491755,170.17779541015625,170.14639500209265,8.342529296875,-3.2271270751953125,1
2025-06-27,178.37046813964844,178.52032800475203,171.57654142712704,173.3849216100962,108140200,0.0,0.0,0.0,0.0,0.0,0.0,0.0,0.028754230634041145,0.006012099297437595,0.024135871970461516,174.09428914388022,170.51463753836495,11.749481201171875,2.57769775390625,0
2025-06-30,176.07252502441406,181.0680572633364,174.4240054836315,180.6184624108643,63378900,0.0,0.0,0.0,0.0,0.0,0.0,0.0,-0.012882979672595218,0.021432452852142393,0.023901004482445188,175.94263712565103,170.9299795968192,5.5450439453125,2.9073944091796875,0
2025-07-01,175.682861328125,175.9326379218849,173.37492804100808,175.5829598377131,35904500,0.0,0.0,0.0,0.0,0.0,0.0,0.0,-0.002213086319032609,0.02162744639560113,0.016163390840747787,176.7086181640625,172.2430899483817,2.297943115234375,9.1917724609375,1
2025-07-02,178.48036193847656,178.70016656024188,174.91356011283625,175.38312608280393,29128900,13.0,0.5384615384615384,7.0,0.7762500258061847,0.15384615384615385,0.15384615384615385,0.6923076923076923,0.015923582922107826,0.014563673093588502,0.014570136530593377,176.74524943033853,174.16280038016183,0.109893798828125,13.437973022460938,1
2025-07-03,179.36956787109375,179.50944215502514,176.89178830781478,178.34048951535135,21689700,9.0,0.3333333333333333,3.0,0.8660254037844386,0.2222222222222222,0.2222222222222222,0.5555555555555556,0.004982093956777733,0.009132593380692292,0.014764616324570098,177.8442637125651,175.98402622767858,3.2970428466796875,12.748580932617188,0
2025-07-03,179.36956787109375,179.50944215502514,176.89178830781478,178.34048951535135,21689700,9.0,0.6666666666666666,6.0,0.7071067811865476,0.1111111111111111,0.1111111111111111,0.7777777777777778,0.0,0.008145529797071246,0.014027247825300281,179.0731658935547,177.24718148367745,3.68670654296875,8.842086791992188,0
2025-07-03,179.36956787109375,179.50944215502514,176.89178830781478,178.34048951535135,21689700,3.0,0.6666666666666666,2.0,0.5773502691896258,0.0,0.3333333333333333,0.6666666666666666,0.0,0.0028764132870738703,0.013573201890717772,179.36956787109375,178.10213143484933,0.8892059326171875,5.984649658203125,0
2025-07-03,179.36956787109375,179.50944215502514,176.89178830781478,178.34048951535135,21689700,5.0,0.6,3.0,0.5477225575051661,0.0,0.4,0.6,0.0,0.0,0.008606480266606504,179.36956787109375,178.24485996791296,0.0,0.9990997314453125,0
2025-07-07,176.63201904296875,179.13978593904164,175.52301029591823,178.89999490759814,34175600,3.0,0.6666666666666666,2.0,0.5773502691896258,0.0,0.3333333333333333,0.6666666666666666,-0.015262058445122517,0.008811553551679369,0.009260387958002887,178.4570515950521,178.32478768484933,-2.737548828125,0.5594940185546875,0
2025-07-08,174.20419311523438,177.7909814447806,172.6555751408571,177.691079951528,40442500,8.0,0.75,6.0,0.4629100498862757,0.0,0.25,0.75,-0.013745106583103461,0.008407928063390547,0.01073051594575515,176.73526000976562,178.1135493687221,-5.165374755859375,-1.478668212890625,1
2025-07-09,176.46217346191406,179.27966092294577,172.61562283881983,175.09340252603724,43025600,4.0,1.0,4.0,0.0,0.0,0.0,1.0,0.012961687697069735,0.015875210497156123,0.009976635187738992,175.76612854003906,177.82523672921317,-2.9073944091796875,-2.0181884765625,1
2025-07-10,177.46127319335938,178.27054693495992,174.22417822695712,175.47306122205768,29252400,12.0,0.6666666666666666,8.0,0.6513389472789296,0.08333333333333333,0.16666666666666666,0.75,0.005661835122193759,0.013803200683725666,0.010054163706987132,176.04254659016928,177.55262320382255,0.829254150390625,-1.908294677734375,1
2025-07-11,180.02899169921875,181.26787392679407,176.32230010231936,176.6320206592132,34282900,10.0,0.8,8.0,0.4216370213557839,0.0,0.2,0.8,0.01446917662459013,0.00471044291656601,0.011753670823748204,177.98414611816406,177.6468266078404,5.824798583984375,0.659423828125,0
2025-07-11,180.02899169921875,181.26787392679407,176.32230010231936,176.6320206592132,34282900,15.0,0.7333333333333333,11.0,0.5936168397046636,0.06666666666666667,0.13333333333333333,0.8,0.0,0.007291350051994647,0.011753670823748204,179.17308553059897,177.74103001185827,3.5668182373046875,0.659423828125,1
2025-07-14,181.3977508544922,183.5058659137902,179.5194259926096,180.84823929966976,32536600,3.0,1.0,3.0,0.0,0.0,0.0,1.0,0.007602992953269938,0.007237714329001133,0.01203858588172232,180.48524475097656,178.03077043805803,3.9364776611328125,2.0281829833984375,1
2025-07-15,181.83737182617188,184.05538933948807,181.4377353487915,182.6466456022175,33448300,11.0,0.2727272727272727,3.0,1.009049958219026,0.36363636363636365,0.0,0.6363636363636364,0.002423519418564002,0.0038838532051807518,0.009475961873396454,181.0880381266276,178.7743922642299,1.808380126953125,5.205352783203125,1
2025-07-16,182.80650329589844,184.1652886399438,181.86734081977315,183.07626629854497,33104200,9.0,0.5555555555555556,5.0,0.881917103688197,0.2222222222222222,0.0,0.7777777777777778,0.00532966056423767,0.0025961716239599206,0.005262689775940469,182.01387532552084,180.00329371861048,2.7775115966796875,8.602310180664062,1
2025-07-17,183.41595458984372,183.8955213928044,180.31871865434175,181.9772389358081,31992600,11.0,0.9090909090909091,10.0,0.30151134457776363,0.0,0.09090909090909091,0.9090909090909091,0.0033338600266250573,0.0014864721192141294,0.004642486505514715,182.68660990397134,180.99669102260046,2.018203735351534,6.953781127929659,1
2025-07-18,184.8946228027344,186.25340807875185,183.54583834733725,185.2343153104504,34014500,7.0,0.5714285714285714,4.0,0.7867957924694432,0.14285714285714285,0.14285714285714285,0.7142857142857143,0.008061829823895694,0.0023735229460749795,0.004740075055589914,183.70569356282553,182.058598109654,3.0572509765625284,7.433349609375028,0
2025-07-18,184.8946228027344,186.25340807875185,183.54583834733725,185.2343153104504,34014500,2.0,0.5,1.0,0.7071067811865476,0.0,0.5,0.5,0.0,0.004050955055919824,0.0033154813864396905,184.4017333984375,182.7536882672991,2.088119506835966,4.865631103515653,1
2025-07-21,189.9301300048828,190.11994741222205,185.98364758555135,186.08356432217508,45803100,4.0,1.0,4.0,0.0,0.0,0.0,1.0,0.027234470780260756,0.013989875267683326,0.009069617317395544,186.57312520345053,184.1681365966797,6.514175415039091,9.901138305664062,1
2025-07-22,191.1690216064453,191.47874216205827,187.29249900550477,191.328882294876,44660200,18.0,0.8333333333333334,15.0,0.5144957554275265,0.05555555555555555,0.05555555555555555,0.8888888888888888,0.006522880816912213,0.014219905834442118,0.009080968455795146,188.66459147135416,185.56403241838728,6.274398803710909,9.771270751953125,0
2025-07-23,190.0600128173828,192.35796066638144,189.01094801184496,191.3288822581821,58681900,16.0,0.5,8.0,0.7302967433402214,0.125,0.25,0.625,-0.005801195087693611,0.01669435046680712,0.010305548241627304,190.38638814290366,186.7386954171317,5.165390014648409,8.222640991210938,1
2025-07-24,191.99827575683597,197.7731095502254,190.8293230940032,196.85393348830104,74881700,16.0,0.0625,1.0,0.8539125638299665,0.3125,0.3125,0.375,0.010198162731450022,0.00838023462955956,0.010386570978648643,191.07577006022134,188.0518057686942,2.0681457519531534,9.191772460937528,1
2025-07-25,193.0073699951172,194.1563515198352,191.08908750710864,191.80844534575607,39785900,4.0,0.5,2.0,1.0,0.25,0.0,0.75,0.005255746356593427,0.008192098676467098,0.01029609391199334,191.6885528564453,189.42200796944755,1.838348388671875,9.591415405273466,0
2025-07-25,193.0073699951172,194.1563515198352,191.08908750710864,191.80844534575607,39785900,5.0,0.6,3.0,0.5477225575051662,0.0,0.4,0.6,0.0,0.005099883535997664,0.010648464695727666,192.67100524902344,190.58097185407365,2.947357177734375,8.112747192382784,0
2025-07-25,193.0073699951172,194.1563515198352,191.08908750710864,191.80844534575607,39785900,2.0,0.5,1.0,0.7071067811865476,0.0,0.5,0.5,0.0,0.0030344065737718477,0.010648464695727666,193.0073699951172,191.73993573869978,1.0090942382812216,8.112747192382784,0
2025-07-28,192.4079132080078,193.87660084223492,190.6694625759226,193.47694913334269,38139500,12.0,0.5833333333333334,7.0,0.6685579234215215,0.08333333333333333,0.25,0.6666666666666666,-0.00310587511308269,0.0017931778326080667,0.005672612291055036,192.80755106608072,192.09390476771765,-0.599456787109375,2.477783203125,1
2025-07-29,195.5750732421875,195.7449194968108,191.9083546690576,192.2580327538162,41389200,11.0,0.36363636363636365,4.0,0.9244162777371754,0.2727272727272727,0.09090909090909091,0.6363636363636364,0.016460653729744257,0.01051545396377634,0.007855551804798551,193.6634521484375,192.7233407156808,2.5677032470703125,4.4060516357421875,1
2025-07-30,196.35438537597656,197.42343657324804,194.51603320447785,195.42522371418744,32445400,6.0,0.8333333333333334,5.0,0.408248290463863,0.0,0.16666666666666666,0.8333333333333334,0.003984721165483096,0.009906012483089836,0.006763545798148475,194.77912394205728,193.6225367954799,3.347015380859375,6.29437255859375,0
2025-07-31,191.728515625,195.8148724632573,190.91924186518517,195.5351238856708,51329200,13.0,0.6153846153846154,8.0,0.6504436355879909,0.07692307692307693,0.23076923076923078,0.6923076923076923,-0.02355877991784605,0.02047701318857008,0.012103607843570782,194.5526580810547,193.58399963378906,-0.6793975830078125,-0.2697601318359659,0
2025-08-01,188.96099853515625,190.65947636814528,187.65217158882444,188.86108179697592,34832200,13.0,0.23076923076923078,3.0,0.7250110520819842,0.15384615384615385,0.46153846153846156,0.38461538461538464,-0.014434561707329485,0.014030715065106104,0.012902907282941144,192.34796651204428,193.00594656808036,-6.61407470703125,-4.0463714599609375,0
2025-08-01,188.96099853515625,190.65947636814528,187.65217158882444,188.86108179697592,34832200,5.0,0.2,1.0,0.4472135954999579,0.0,0.8,0.2,0.0,0.011878720756415235,0.012902907282941144,189.88350423177084,192.42789350237166,-7.3933868408203125,-4.0463714599609375,0
2025-08-01,188.96099853515625,190.65947636814528,187.65217158882444,188.86108179697592,34832200,3.0,0.6666666666666666,2.0,0.5773502691896258,0.0,0.3333333333333333,0.6666666666666666,0.0,0.008333798087361032,0.012902907282941144,188.96099853515625,191.84984043666296,-2.76751708984375,-4.0463714599609375,1
2025-08-04,194.8657073974609,195.0955128481526,189.95010569222904,190.11995195242244,31547400,0.0,0.0,0.0,0.0,0.0,0.0,0.0,0.03124829413518415,0.018041211030665208,0.018256713625954067,190.92923482259116,192.2009538922991,5.904708862304659,2.4577941894530966,0
2025-08-05,194.4960479736328,197.6831999421724,193.71674617353807,194.5360207683401,31602300,8.0,0.5,4.0,0.7559289460184544,0.125,0.25,0.625,-0.0018969957760403,0.018613009440677168,0.017108509095554978,192.77425130208334,192.04680742536272,5.5350494384765625,-1.0790252685546875,1
2025-08-06,195.91476440429688,196.45429038129967,193.4969288186876,194.32618893507828,21562900,3.0,0.6666666666666666,2.0,0.5773502691896258,0.0,0.3333333333333333,0.6666666666666666,0.007294320092593232,0.01711180588136564,0.01730305747629511,195.09217325846353,191.9840044294085,6.953765869140625,-0.4396209716796875,1
2025-08-07,196.34439086914065,197.3634684043973,194.15634544876863,196.88390160867925,26321800,9.0,0.5555555555555556,5.0,0.5270462766947299,0.0,0.4444444444444444,0.5555555555555556,0.002192925408915025,0.004604924364467695,0.013912511673214861,195.58506774902344,192.64341517857142,1.4786834716797443,4.615875244140653,1
2025-08-08,201.2400054931641,202.42894452614237,196.99380337261508,197.04376174071103,39161800,7.0,0.42857142857142855,3.0,0.5345224838248488,0.0,0.5714285714285714,0.42857142857142855,0.024933814520254227,0.011932616568020448,0.013408815152921718,197.8330535888672,194.3975590297154,6.743957519531278,12.279006958007841,0
2025-08-08,201.2400054931641,202.42894452614237,196.99380337261508,197.04376174071103,39161800,3.0,1.0,3.0,0.0,0.0,0.0,1.0,0.0,0.013806110156700782,0.013408815152921718,199.60813395182296,196.1517028808594,5.325241088867216,12.279006958007841,0
2025-08-08,201.2400054931641,202.42894452614237,196.99380337261508,197.04376174071103,39161800,3.0,0.3333333333333333,1.0,1.1547005383792517,0.3333333333333333,0.0,0.6666666666666666,0.0,0.01439554452519302,0.013408815152921718,201.2400054931641,197.90584673200337,4.8956146240234375,12.279006958007841,0
2025-08-11,200.8203887939453,201.29995560301907,198.8921207366326,200.7604448484553,25832400,3.0,1.0,3.0,0.0,0.0,0.0,1.0,-0.0020851554748790857,0.001203865074724277,0.009620261400134384,201.10013326009116,198.75651550292972,-0.4196166992187784,5.954681396484403,1
2025-08-12,203.1582946777344,204.31726177746063,200.4107520376952,201.19005382143945,30397900,5.0,1.0,5.0,0.0,0.0,0.0,1.0,0.01164177550810308,0.0073971553603063185,0.009515767950991214,201.73956298828128,199.99397931780138,1.9182891845703125,8.662246704101591,0
2025-08-13,201.779541015625,204.3472366094903,197.33350521250264,203.94760013613637,28342900,13.0,0.38461538461538464,5.0,0.9607689228305228,0.3076923076923077,0.0,0.6923076923076923,-0.006786597929936855,0.00957546467925221,0.010682951339153174,201.9194081624349,200.8318045479911,0.5395355224609091,5.864776611328125,1
2025-08-14,202.75865173339844,204.2573113073674,201.05017311120625,201.31993610316368,25230400,13.0,0.5384615384615384,7.0,0.8770580193070292,0.23076923076923078,0.0,0.7692307692307693,0.004852378555552539,0.009319930544992827,0.010643950545505628,202.56549580891928,201.74812752859935,1.938262939453125,6.414260864257784,1
2025-08-15,203.71778869628903,206.25552748751167,201.1001348088668,203.66784557245276,34931400,4.0,1.0,4.0,0.0,0.0,0.0,1.0,0.004730436677748973,0.006684842675859806,0.005916930357603456,202.75199381510416,202.1020965576172,0.5594940185546307,2.477783203124943,0
2025-08-15,203.71778869628903,206.25552748751167,201.1001348088668,203.66784557245276,34931400,4.0,1.0,4.0,0.0,0.0,0.0,1.0,0.0,0.002766992309052962,0.005916930357603456,203.39807637532553,202.45606558663505,1.938247680664034,2.477783203124943,0
2025-08-18,203.3181610107422,205.0865836822799,202.30906899226144,204.01753247133053,18526600,10.0,0.1,1.0,0.5676462121975466,0.1,0.7,0.2,-0.0019616729992225634,0.0034401919531400257,0.00605918457631108,203.58457946777344,202.75294494628906,0.55950927734375,2.0781555175780966,0
2025-08-19,201.389892578125,203.2582167438639,199.7813305987235,202.84857944432244,24240200,9.0,0.8888888888888888,8.0,0.3333333333333333,0.0,0.1111111111111111,0.8888888888888888,-0.009483995050079685,0.00500632353633275,0.007303271371927006,202.8086140950521,202.8343026297433,-2.327896118164034,0.5695037841796875,0
2025-08-20,199.1418914794922,201.10013145192505,196.4243208994537,200.55061989251405,28955500,20.0,0.6,12.0,0.8207826816681232,0.2,0.0,0.8,-0.011162432582165205,0.00489993976985169,0.006510271171318944,201.28331502278647,202.26053074428015,-4.575897216796847,-4.016403198242216,1
2025-08-21,199.57150268554688,202.29905887913932,199.25178132101763,199.57150268554688,19774600,9.0,0.5555555555555556,5.0,0.881917103688197,0.2222222222222222,0.0,0.7777777777777778,0.0021573120696150028,0.007254341017542585,0.00648199512655802,200.03442891438803,201.9450966971261,-3.7466583251953125,-2.208038330078125,1
2025-08-22,205.9058380126953,208.353645687597,201.12012497867053,202.54883983863883,42827000,13.0,0.5384615384615384,7.0,0.7762500258061847,0.15384615384615385,0.15384615384615385,0.6923076923076923,0.031739678470673605,0.021958761092349257,0.01423711468969875,201.53974405924478,202.39469473702567,4.5159454345703125,3.147186279296875,0
2025-08-22,205.9058380126953,208.353645687597,201.12012497867053,202.54883983863883,42827000,4.0,1.0,4.0,0.0,0.0,0.0,1.0,0.0,0.0177349823168502,0.01421413517431811,203.79439290364584,202.70727321079798,6.763946533203125,2.1880493164062784,0
2025-08-22,205.9058380126953,208.353645687597,201.12012497867053,202.54883983863883,42827000,1.0,0.0,0.0,0.0,0.0,1.0,0.0,0.0,0.018324911909035603,0.01421413517431811,205.9058380126953,203.0198516845703,6.3343353271484375,2.1880493164062784,1
2025-08-25,208.3036956787109,210.3318804204715,205.0965574752735,206.2455237198617,29928900,3.0,1.0,3.0,0.0,0.0,0.0,1.0,0.011645408839101368,0.006723479928078513,0.014569823802179608,206.7051239013672,203.73207092285156,2.3978576660155966,4.985534667968722,0
2025-08-26,206.95489501953125,207.66426725745976,205.5161793925774,207.32455950181813,28464100,3.0,0.0,0.0,1.0,0.3333333333333333,0.3333333333333333,0.3333333333333333,-0.006475164325745131,0.009182396853924591,0.01415959434205564,207.0548095703125,204.5270712716239,1.0490570068359375,5.56500244140625,1
2025-08-27,207.29458618164065,208.72331622375268,205.46621968804243,205.51617805576652,23022900,7.0,0.8571428571428571,6.0,0.37796447300922725,0.0,0.14285714285714285,0.8571428571428571,0.0016413777604891155,0.009076655634850815,0.012619805940942547,207.5177256266276,205.69174194335938,1.388748168945341,8.152694702148466,1
2025-08-28,211.4508819580078,212.0303655105851,206.71511204255788,207.0648053873533,32339300,3.0,0.3333333333333333,1.0,0.5773502691896258,0.0,0.6666666666666666,0.3333333333333333,0.020050189698274323,0.013591400580869308,0.013534302398674234,208.56678771972656,207.38879612513952,3.1471862792969034,11.879379272460938,1
2025-08-29,212.71974182128903,214.45817715575657,210.01215683893824,210.3218773757616,39728400,5.0,0.6,3.0,0.5477225575051661,0.0,0.4,0.6,0.00600073100443832,0.009620079757604962,0.008793730684792483,210.4884033203125,208.3622109549386,5.764846801757784,6.813903808593722,0
2025-08-29,212.71974182128903,214.45817715575657,210.01215683893824,210.3218773757616,39728400,6.0,0.5,3.0,0.5477225575051661,0.0,0.5,0.5,0.0,0.010290822522311033,0.008793730684792483,212.29678853352866,209.3356257847377,5.425155639648381,6.813903808593722,0
2025-09-02,211.16114807128903,211.4908397743193,206.01574085860813,208.25374472878948,47523000,10.0,0.7,7.0,0.48304589153964794,0.0,0.3,0.7,-0.007326982143995853,0.006674845537451468,0.009821649929524539,212.20021057128906,210.0863843645368,-0.2897338867187784,5.255310058593722,1
2025-09-03,230.45388793945312,231.1033010071871,224.5891229524102,226.00786746880672,103336100,8.0,0.375,3.0,0.7440238091428449,0.125,0.375,0.5,0.09136500745700982,0.05498690460216097,0.0348836779503437,218.1115926106771,213.25069754464286,17.73414611816409,22.150192260742216,1
2025-09-04,232.0924224853516,232.16235200669,225.90795135774627,229.4447813472723,51684200,8.0,0.625,5.0,0.7440238091428449,0.125,0.125,0.75,0.0071100321220398666,0.053303278606196956,0.033850010021611934,224.56915283203125,216.8417728969029,19.372680664062557,25.13752746582034,1
2025-09-05,234.79000854492188,235.54932393536487,231.69277254690596,231.9925075217388,46588900,6.0,0.16666666666666666,1.0,0.752772652709081,0.16666666666666666,0.5,0.3333333333333333,0.01162289587347698,0.047395624213873076,0.03330212047247012,232.44543965657553,220.76969037737163,23.62886047363284,27.49542236328122,0
2025-09-05,234.79000854492188,235.54932393536487,231.69277254690596,231.9925075217388,46588900,4.0,0.0,0.0,0.0,0.0,1.0,0.0,0.0,0.005859610403732316,0.03399195869241701,233.89081319173178,224.10385131835935,4.33612060546875,23.339126586914062,0
2025-09-05,234.79000854492188,235.54932393536487,231.69277254690596,231.9925075217388,46588900,4.0,0.5,2.0,0.5773502691896257,0.0,0.5,0.5,0.0,0.006710482061315005,0.03434640959872972,234.79000854492188,227.25674656459265,2.697586059570284,22.07026672363284,0
2025-09-08,234.0399932861328,238.1300048828125,233.6699981689453,235.47000122070312,32474700,6.0,0.0,0.0,0.0,0.0,1.0,0.0,-0.003194408754602418,0.0018442927543717467,0.03459431419952185,234.54000345865884,230.30249677385603,-0.7500152587890625,21.32025146484378,1
2025-09-09,239.6300048828125,240.47000122070312,233.22999572753903,234.1699981689453,38061000,11.0,0.6363636363636364,7.0,0.6741998624632421,0.09090909090909091,0.18181818181818182,0.7272727272727273,0.02388485625123682,0.014798520188914173,0.03334227085910145,236.15333557128906,234.36947631835938,4.839996337890625,28.468856811523466,0
2025-09-10,239.1699981689453,241.66000366210935,237.8500061035156,238.8999938964844,35141100,1.0,1.0,1.0,0.0,0.0,0.0,1.0,-0.0019196540687471675,0.015279530673528257,0.009738987036003056,237.61333211263022,235.61463492257255,4.3799896240234375,8.716110229492188,1
2025-09-11,240.3699951171875,242.25,236.25,239.8800048828125,30599300,4.0,1.0,4.0,0.0,0.0,0.0,1.0,0.005017338953168027,0.013354012093956324,0.00970830107347399,239.72333272298178,236.7971452985491,6.3300018310546875,8.277572631835909,1
2025-09-12,240.8000030517578,242.0800018310547,238.0,240.3699951171875,26771600,4.0,1.0,4.0,0.0,0.0,0.0,1.0,0.001788941811812439,0.003471265467945947,0.009303175388279097,240.11333211263022,237.6557159423828,1.1699981689453125,6.0099945068359375,0
2025-09-12,240.8000030517578,242.0800018310547,238.0,240.3699951171875,26771600,1.0,-1.0,-1.0,0.0,1.0,0.0,0.0,0.0,0.0025428511255199356,0.009303175388279097,240.65666707356772,238.5142865862165,1.6300048828125,6.0099945068359375,0
2025-09-12,240.8000030517578,242.0800018310547,238.0,240.3699951171875,26771600,6.0,0.6666666666666666,4.0,0.5163977794943223,0.0,0.3333333333333333,0.6666666666666666,0.0,0.0010328460366150942,0.009303175388279097,240.8000030517578,239.37285723005022,0.4300079345703125,6.0099945068359375,1
2025-09-15,251.6100006103516,252.41000366210935,244.66000366210935,244.66000366210935,58383800,12.0,0.16666666666666666,2.0,0.7177405625652734,0.16666666666666666,0.5,0.3333333333333333,0.04489201587040781,0.025918417447244914,0.01752451248850596,244.40333557128906,241.8828582763672,10.809997558593778,17.57000732421878,0
2025-09-16,251.16000366210935,253.0399932861328,249.47000122070312,252.0800018310547,34109700,5.0,0.6,3.0,0.5477225575051661,0.0,0.4,0.6,-0.0017884700415351507,0.026449825074952527,0.01693882470626654,247.8566691080729,243.5300009591239,10.360000610351534,11.529998779296847,0
2025-09-17,249.52999877929688,251.6000061035156,246.27999877929688,251.22000122070312,34108000,5.0,0.4,2.0,0.8944271909999159,0.2,0.2,0.6,-0.006489906271085033,0.028405613267304716,0.017414828603291525,250.76666768391928,245.01000104631697,8.729995727539062,10.360000610351562,1
2025-09-18,252.02999877929688,253.9900054931641,249.8000030517578,251.67999267578125,31239500,6.0,0.5,3.0,0.8366600265340756,0.16666666666666666,0.16666666666666666,0.6666666666666666,0.010018835459584041,0.008505434726761728,0.017460623871675685,250.90666707356772,246.67571585518974,0.4199981689452841,11.660003662109375,1
2025-09-19,254.72000122070312,256.0,251.80999755859372,253.25,55571400,8.0,0.75,6.0,0.7071067811865476,0.125,0.0,0.875,0.010673342278439968,0.0097257736065796,0.017348252678181224,252.09333292643228,248.66428702218192,3.5599975585937784,13.919998168945312,0
2025-09-19,254.72000122070312,256.0,251.80999755859372,253.25,55571400,3.0,1.0,3.0,0.0,0.0,0.0,1.0,0.0,0.005982274909191985,0.017348252678181224,253.82333374023438,250.6528581891741,5.19000244140625,13.919998168945312,0
2025-09-19,254.72000122070312,256.0,251.80999755859372,253.25,55571400,1.0,1.0,1.0,0.0,0.0,0.0,1.0,0.0,0.006162257037610425,0.017348252678181224,254.72000122070312,252.6414293561663,2.69000244140625,13.919998168945312,0
2025-09-22,252.52999877929688,255.77999877929688,250.3000030517578,254.42999267578125,32290500,15.0,0.4666666666666667,7.0,0.5163977794943223,0.0,0.5333333333333333,0.4666666666666667,-0.008597685422860546,0.004963875993296401,0.007432525488975974,253.99000040690103,252.77285766601562,-2.19000244140625,0.9199981689452841,0
2025-09-23,251.66000366210935,254.3600006103516,250.47999572753903,253.0399932861328,26628000,12.0,0.8333333333333334,10.0,0.38924947208076144,0.0,0.16666666666666666,0.8333333333333334,-0.0034451159125370445,0.0043270080278796355,0.007544744459185029,252.97000122070312,252.8442862374442,-3.0599975585937784,0.5,0
2025-09-24,247.13999938964844,252.3500061035156,246.44000244140625,251.66000366210935,28201000,6.0,0.6666666666666666,4.0,0.816496580927726,0.16666666666666666,0.0,0.8333333333333334,-0.01796075739762637,0.007358894132125844,0.0100853784445394,250.4433339436849,252.5028577532087,-7.5800018310546875,-2.3899993896484375,0
2025-09-25,245.7899932861328,246.4900054931641,240.7400054931641,244.3999938964844,31020400,6.0,0.5,3.0,0.8366600265340756,0.16666666666666666,0.16666666666666666,0.6666666666666666,-0.005462515605930585,0.007863203303258492,0.008797023839241441,248.19666544596353,251.6114283970424,-6.7400054931640625,-6.2400054931640625,1
2025-09-26,246.5399932861328,249.4199981689453,245.97000122070312,247.07000732421875,18503200,7.0,0.0,0.0,0.816496580927726,0.2857142857142857,0.42857142857142855,0.2857142857142857,0.0030513854122893314,0.010568843392223191,0.007040669140255326,246.48999532063803,250.44285583496094,-5.120010375976534,-8.180007934570312,0
2025-09-26,246.5399932861328,249.4199981689453,245.97000122070312,247.07000732421875,18503200,22.0,1.0,22.0,0.0,0.0,0.0,1.0,0.0,0.004313477719648449,0.007040669140255326,246.2899932861328,249.27428327287947,-0.600006103515625,-8.180007934570312,0
2025-09-26,246.5399932861328,249.4199981689453,245.97000122070312,247.07000732421875,18503200,6.0,0.3333333333333333,2.0,0.816496580927726,0.16666666666666666,0.3333333333333333,0.5,0.0,0.001761718189186903,0.007040669140255326,246.5399932861328,248.10571071079798,0.75,-8.180007934570312,0
2025-09-29,244.0500030517578,251.1499938964844,242.7700042724609,247.8500061035156,32505800,2.0,0.0,0.0,1.4142135623730951,0.5,0.0,0.5,-0.010099741632933035,0.005831088550519682,0.007202746638939387,245.70999654134116,246.894282749721,-2.489990234375,-8.479995727539062,0
2025-09-30,243.1000061035156,243.2899932861328,239.25,242.80999755859372,34724300,4.0,0.5,2.0,1.0,0.25,0.0,0.75,-0.0038926323964877385,0.005093878239275065,0.007190223109457306,244.5633341471354,245.67142595563615,-3.439987182617216,-8.55999755859375,1
2025-10-01,244.8999938964844,246.3000030517578,238.6100006103516,240.75,31658200,3.0,0.6666666666666666,2.0,0.5773502691896258,0.0,0.3333333333333333,0.6666666666666666,0.0074043099456047035,0.008874504052038096,0.005767175025809623,244.01666768391928,245.35142517089844,-1.639999389648409,-2.240005493164034,1
2025-10-02,245.69000244140625,246.80999755859372,242.3000030517578,245.1499938964844,25483300,9.0,0.3333333333333333,3.0,0.5,0.0,0.6666666666666666,0.3333333333333333,0.0032258414234822563,0.0057118761511511405,0.005652202768135779,244.5633341471354,245.33714076450892,1.6399993896484375,-0.0999908447265625,0
2025-10-03,245.3500061035156,246.3000030517578,241.66000366210935,244.4900054931641,30249600,6.0,0.5,3.0,0.5477225575051661,0.0,0.5,0.5,-0.0013838427877086446,0.004395839248299105,0.005493698978514062,245.3133341471354,245.1671425955636,2.25,-1.189987182617216,0
2025-10-03,245.3500061035156,246.3000030517578,241.66000366210935,244.4900054931641,30249600,4.0,0.5,2.0,0.5773502691896257,0.0,0.5,0.5,0.0,0.002365384474648814,0.005493698978514062,245.46333821614584,244.9971444266183,0.45001220703119316,-1.189987182617216,0
2025-10-03,245.3500061035156,246.3000030517578,241.66000366210935,244.4900054931641,30249600,2.0,0.5,1.0,0.7071067811865476,0.0,0.5,0.5,0.0,0.0007989620060005612,0.005493698978514062,245.3500061035156,244.82714625767298,-0.3399963378906534,-1.189987182617216,1
2025-10-06,250.42999267578125,251.32000732421875,244.5800018310547,244.77999877929688,28894700,1.0,1.0,1.0,0.0,0.0,0.0,1.0,0.02070505989766458,0.011954071905504016,0.00830651075219813,247.04333496093747,245.7385733468192,5.079986572265653,6.3799896240234375,0
2025-10-07,245.75999450683597,250.44000244140625,245.5200042724609,248.2700042724609,23181300,16.0,0.5625,9.0,0.51234753829798,0.0,0.4375,0.5625,-0.01864791880176786,0.01968544857469258,0.011728431926472375,247.17999776204428,246.11857169015067,0.40998840332036934,2.6599884033203693,0
2025-10-08,244.6199951171875,246.00999450683597,243.82000732421875,244.9600067138672,21307100,11.0,0.45454545454545453,5.0,0.8201995322647245,0.18181818181818182,0.18181818181818182,0.6363636363636364,-0.004638669495155567,0.019946681504239012,0.011620417234745762,246.93666076660156,246.07857186453683,-0.7300109863280966,-0.2799987792969034,0
2025-10-09,241.52999877929688,244.75999450683597,239.1499938964844,244.47000122070312,27892100,12.0,0.5,6.0,0.7977240352174656,0.16666666666666666,0.16666666666666666,0.6666666666666666,-0.012631822416684813,0.007027837214444531,0.01238337049596739,243.9699961344401,245.48428562709265,-8.899993896484375,-4.160003662109375,0
2025-10-09,241.52999877929688,244.75999450683597,239.1499938964844,244.47000122070312,27892100,25.0,0.4,10.0,0.7637626158259733,0.16,0.28,0.56,0.0,0.006389714206948913,0.01241276797508374,242.55999755859375,244.9385702950614,-4.229995727539091,-3.8200073242187216,0
